"def_priority","def_gate","def_owner_engine","def_domain_family","def_normalized_key","def_distinct_values","def_recommended_decision","def_hydra_risk","def_source_mutation","def_sample_values","def_sample_files"
"P0","P0_OWNER_DECISION_REQUIRED","VDF","MARKET_TICKER_IDENTITY","ticker","459","Do not auto-fix. Choose one canonical owner/value before v0111.","HIGH_IF_AUTO_MERGED","false","""All TW_TICKER"" || ""TW_Index_Ticker"" || ""ProviderTicker"" || ""CN_HK_Ticker"" || ""MacroIndicatorCode"" || ticker, ""term"": term, ""utc"": _utc()","VDF_VRN_SourceFallback_AllDataRegistry_v0100.json; VIA_DataTransformEngine (1).py; VIA_DataTransformEngine (2).py; VDF_TW_EquityUniverse.json; VDF_TW_MonthlyRevenue.json; VDF_TW_PriceDaily.json; VDF_TW_TradingStats.json; vdf_mops_monthly_revenue_seed_v022.py"
"P0","P0_OWNER_DECISION_REQUIRED","VRN/VDF","SCHEMA_FIELD_CONTRACT","policy","128","Do not auto-fix. Choose one canonical owner/value before v0111.","HIGH_IF_AUTO_MERGED","false","policy = $def_PARAM_POLICY || policy = [ordered]@{type=""object""} || { || ""Fed"" || ""ECB"" || ""PBOC/LPR/RRR""","Invoke-VIA-UltimateEngineForge-AIO-v060.ps1; Invoke-VIA-UltimateEngineForge-AIO-v061-BoolParamHotfix.ps1; Invoke-VIA-UltimateEngineForge-AIO-v062-NullSafeStepSafe.ps1; Invoke-VIA-UltimateEngineForge-AIO-v063-10xCrossNoHangProgress.ps1; params.example (1).json; params.example (2).json; SSOT_VIA_VisualDesignOps_20260617 (1).json; SSOT_VIA_VisualDesignOps_20260617.json"
"P0","P0_OWNER_DECISION_REQUIRED","VRN/VDF","SCHEMA_FIELD_CONTRACT","unit","83","Do not auto-fix. Choose one canonical owner/value before v0111.","HIGH_IF_AUTO_MERGED","false","""days"" || ""exact"" || ""opinion_preserved"" || ""指數"" || ""美元"" || ""美元/桶""","VDF_VRN_SourceFallback_AllDataRegistry_v0100.json; VIA_data_manifest (1).json; VIA_data_manifest (2).json; VIA_data_manifest.json; VRN_IO_Summary_v0100 (1).json; VRN_IO_Summary_v0100 (2).html; VRN_IO_Summary_v0100.html; VRN_IO_Summary_v0100.json"
"P0","P0_OWNER_DECISION_REQUIRED","VRN/VDF","SCHEMA_FIELD_CONTRACT","field","48","Do not auto-fix. Choose one canonical owner/value before v0111.","HIGH_IF_AUTO_MERGED","false","""Adj Open"" || ""Adj Low"" || ""Adj High"" || c || ""report_date"" || ""broker""","VDF_VRN_SourceFallback_AllDataRegistry_v0100.json; vdf_akshare_execution_readiness_review_v0279.py; vrn_parquet_unified_stage_repair.py; vrn_staging_identity_repair_rekey_hotfix.py; vrn_staging_identity_repair_rekey.py; VRN_BasicInfoDefinitionSSOT_v029SSOT1B.json; VRN_MDL018_VRN_MDL_SummaryPipelineBridge_AIO_v01__CORE__v01.py; VRN_MDL223_VRN_HeaderOrder_ConsensusData_AnchorPreview__MODULE__v0_0.json"
"P0","P0_OWNER_DECISION_REQUIRED","VDF","MARKET_TICKER_IDENTITY","parsed_ticker","37","Do not auto-fix. Choose one canonical owner/value before v0111.","HIGH_IF_AUTO_MERGED","false","""6415"" || """" || ""2383"" || ""3675"" || ""4771"" || ""3665""","VRN_MDL050_VRN_v141E2_FalseRedCrush_D8_SourceGate__MODULE__v141E2.json; VRN_MDL051_VRN_ProjectState_SSOT_v141E2__SUPPORT_RULE__v141E2.json"
"P0","P0_OWNER_DECISION_REQUIRED","VRN/VDF","SCHEMA_FIELD_CONTRACT","schema","36","Do not auto-fix. Choose one canonical owner/value before v0111.","HIGH_IF_AUTO_MERGED","false","""VPNS_NORMALIZED_EXTRACTION_BLOCK"" || ""VIA.CodexNexus.GovernanceRegistry"" || schema    = 'VIA.CodexNexus.RunLog' || schema = ""VIA.EngineForge.Config"" || schema = ""VIA.Engine.Manifest"" || schema = ""VIA.Engine.RuntimeConfig""","engine (1).py; engine (2).py; engine.py; GovernanceRegistry.json; Invoke-VeritasCodexNexus.ps1; Invoke-VIA-UltimateEngineForge-AIO-v060.ps1; Invoke-VIA-UltimateEngineForge-AIO-v061-BoolParamHotfix.ps1; Invoke-VIA-UltimateEngineForge-AIO-v062-NullSafeStepSafe.ps1"
"P0","P0_OWNER_DECISION_REQUIRED","VRN/VDF","SCHEMA_FIELD_CONTRACT","field_id","36","Do not auto-fix. Choose one canonical owner/value before v0111.","HIGH_IF_AUTO_MERGED","false","""BAS_01"" || ""BAS_02"" || ""BAS_03"" || ""BAS_04"" || ""BAS_05"" || ""BAS_06""","VDF_VRN_SourceFallback_AllDataRegistry_v0100.json; VRN_IO_Summary_v0100 (1).json; VRN_IO_Summary_v0100 (2).html; VRN_IO_Summary_v0100.html; VRN_IO_Summary_v0100.json; VRN_S05_FieldRegistry_v0101.json; VRN_S05_FieldRegistry_v0102.json"
"P0","P0_OWNER_DECISION_REQUIRED","VDF","DATA_SOURCE_CONTRACT","fields","24","Do not auto-fix. Choose one canonical owner/value before v0111.","HIGH_IF_AUTO_MERGED","false","[""source_id"", ""source_type"", ""block_id"", ""extracted_text"" || [ || fields=sorted(set(str(k) for row in rows for k in row.keys() if k is not None)) || fields=[str(s) for s in (schema_fields or [""_empty""])] || fields = sorted(set(k for r in rows for k in r.keys())) || fields = text_fields","engine (1).py; engine (2).py; engine.py; SSOT_VPNS (1).json; SSOT_VPNS.json; VDF_VRN_SourceFallback_AllDataRegistry_v0100.json; VRN_IO_Summary_v0100 (1).json; VRN_IO_Summary_v0100 (2).html"
"P0","P0_OWNER_DECISION_REQUIRED","VDF","MARKET_TICKER_IDENTITY","tickers","23","Do not auto-fix. Choose one canonical owner/value before v0111.","HIGH_IF_AUTO_MERGED","false","[""NVDA"", ""AAPL"", ""MSFT""] || [""GOOGL"", ""AAPL""] || [""WMT"", ""NVDA"", ""AMZN""] || [""UNH"", ""CVS"", ""MCK"", ""COR""] || [""SNDK"", ""WDC"", ""MU"", ""STX""] || [""PLTR"", ""APP"", ""CRWD""]","app.js; vap_v8_master_orchestrator.py; vap_warehouse_v6_all_builder.py; vap_warehouse_v7_quant_builder.py; VRN_MDL197_vrn_financialdata_business_validation_report_v061574__FINANCIALDATA__v061574.json; VRN_MDL198_vrn_financialdata_business_validation_report_v061574__FINANCIALDATA__v061574.json; VRN_MDL199_vrn_financialdata_business_validation_report_v061574__FINANCIALDATA__v061574.json; VRN_MDL200_vrn_financialdata_business_validation_report_v061574__FINANCIALDATA__v061574.json"
"P0","P0_OWNER_DECISION_REQUIRED","VDF","MARKET_TICKER_IDENTITY","yfinance","21","Do not auto-fix. Choose one canonical owner/value before v0111.","HIGH_IF_AUTO_MERGED","false","{ || ""無需金鑰"" || {""enabled"": True,  ""auto_adjust"": False, ""timeout_sec"": 30, ""retries"": 3} || False || true || 0","params.example (1).json; params.example (2).json; VDF_VRN_SourceFallback_AllDataRegistry_v0100.json; VIA_data_manifest (1).json; VIA_data_manifest (2).json; VIA_data_manifest.json; via_param_manager (1).py; vdf_production_fetch_controller_v016.py"
"P0","P0_OWNER_DECISION_REQUIRED","VDF","MARKET_TICKER_IDENTITY","YFinanceTickerTPEX","17","Do not auto-fix. Choose one canonical owner/value before v0111.","HIGH_IF_AUTO_MERGED","false","""1319.TWO"" || ""1560.TWO"" || ""1590.TWO"" || ""2308.TWO"" || ""2383.TWO"" || ""3231.TWO""","VRN_MDL100_VRN_Complete_ProjectDryRun__MODULE__v0_0.json; VRN_MDL126_VRN_AliasHygiene_FalsePositiveFix_v0102__SUPPORT_RULE__v0102.json; VRN_MDL127_VRN_AliasHygiene_SingleFileRerunManifest__SUPPORT_RULE__v0_0.json"
"P0","P0_OWNER_DECISION_REQUIRED","VDF","MARKET_TICKER_IDENTITY","YFinanceTickerTWSE","17","Do not auto-fix. Choose one canonical owner/value before v0111.","HIGH_IF_AUTO_MERGED","false","""1319.TW"" || ""1560.TW"" || ""1590.TW"" || ""2308.TW"" || ""2383.TW"" || ""3231.TW""","VRN_MDL100_VRN_Complete_ProjectDryRun__MODULE__v0_0.json; VRN_MDL126_VRN_AliasHygiene_FalsePositiveFix_v0102__SUPPORT_RULE__v0102.json; VRN_MDL127_VRN_AliasHygiene_SingleFileRerunManifest__SUPPORT_RULE__v0_0.json"
"P0","P0_OWNER_DECISION_REQUIRED","VDF","MARKET_TICKER_IDENTITY","schema_first_12_json","16","Do not auto-fix. Choose one canonical owner/value before v0111.","HIGH_IF_AUTO_MERGED","false","""[{\""Ordinal\"": 1, \""ColumnName\"": \""date\"", \""DataType\"": \""DATE\""}, {\""Ordinal\"": 2, \""ColumnName\"": \""ak_key\"", \""DataType\"": \""VARCHAR\""}, {\""Ordinal\"": 3, \""ColumnName\"": \""ak... || ""[{\""Ordinal\"": 1, \""ColumnName\"": \""date\"", \""DataType\"": \""DATE\""}, {\""Ordinal\"": 2, \""ColumnName\"": \""ticker\"", \""DataType\"": \""VARCHAR\""}, {\""Ordinal\"": 3, \""ColumnName\"": \""cl... || ""[{\""Ordinal\"": 1, \""ColumnName\"": \""date\"", \""DataType\"": \""DATE\""}, {\""Ordinal\"": 2, \""ColumnName\"": \""ticker\"", \""DataType\"": \""VARCHAR\""}, {\""Ordinal\"": 3, \""ColumnName\"": \""fi... || ""[{\""Ordinal\"": 1, \""ColumnName\"": \""date\"", \""DataType\"": \""DATE\""}, {\""Ordinal\"": 2, \""ColumnName\"": \""via_code\"", \""DataType\"": \""VARCHAR\""}, {\""Ordinal\"": 3, \""ColumnName\"": \""... || ""[{\""Ordinal\"": 1, \""ColumnName\"": \""date\"", \""DataType\"": \""DATE\""}]"" || ""[{\""Ordinal\"": 1, \""ColumnName\"": \""date\"", \""DataType\"": \""DATE\""}, {\""Ordinal\"": 2, \""ColumnName\"": \""ticker\"", \""DataType\"": \""VARCHAR\""}, {\""Ordinal\"": 3, \""ColumnName\"": \""ma...","VRN_MDL272_VRN_v140K_BasicInfo_FinancialData_Sidecar_Sync__BASICINFO__v140K.json"
"P0","P0_OWNER_DECISION_REQUIRED","VDF","MARKET_TICKER_IDENTITY","tw_ticker","15","Do not auto-fix. Choose one canonical owner/value before v0111.","HIGH_IF_AUTO_MERGED","false","{ || r.get(bt,"""") if bt else """" || bi.get(""tw_ticker"","""") || r.get(""tw_ticker"","""") || """" || r.get(basic_ticker_col, """") if basic_ticker_col else """"","SSOT_VIA_VisualDesignOps_20260617 (1).json; SSOT_VIA_VisualDesignOps_20260617.json; via_dual_sixlane_worker_v029dual1b.py; vrn_financialdata_staging_extraction_store_v029vrn1d.py; VRN_MDL273_VRN_v140H_ReadOnly_Production_Verify__MODULE__v140H.json; VRN_MDL274_SOURCE_VRN_v140G_Production_DuckDB_Commit_Final_Seal__BASICINFO__v140G.json; VRN_MDL275_VRN_v140G_Production_DuckDB_Commit_Final_Seal__GOVERNANCE__v140G.json; VRN_MDL276_VRN_v140D_Sandbox_DuckDB_Writer_Gate__MODULE__v140D.json"
"P0","P0_OWNER_DECISION_REQUIRED","VDF","MARKET_TICKER_IDENTITY","yfinance_ticker","14","Do not auto-fix. Choose one canonical owner/value before v0111.","HIGH_IF_AUTO_MERGED","false","""All TW_Yfinance_Ticker"" || ""TW_Index_Yfinance_Ticker"" || ""YfinanceTicker when available"" || ""YfinanceTicker when applicable"" || ""1101.TW"" || ""1102.TW""","VDF_VRN_SourceFallback_AllDataRegistry_v0100.json; VRN_MDL273_VRN_v140H_ReadOnly_Production_Verify__MODULE__v140H.json; VRN_MDL274_SOURCE_VRN_v140G_Production_DuckDB_Commit_Final_Seal__BASICINFO__v140G.json; VRN_MDL275_VRN_v140G_Production_DuckDB_Commit_Final_Seal__GOVERNANCE__v140G.json; VRN_MDL276_VRN_v140D_Sandbox_DuckDB_Writer_Gate__MODULE__v140D.json; VRN_MDL006_ConsolidatorAndPhaseValidator.py; VRN_MDL007_APIDataFetcher.py"
"P0","P0_OWNER_DECISION_REQUIRED","VDF","DATA_SOURCE_CONTRACT","fred","13","Do not auto-fix. Choose one canonical owner/value before v0111.","HIGH_IF_AUTO_MERGED","false","{ || ""環境變數 FRED_API_KEY"" || {""enabled"": True,  ""api_key"": """", ""timeout_sec"": 30, ""retries"": 3} || [ || DGS10"":     df_with_value_column || DCOILWTICO"": df","params.example (1).json; params.example (2).json; VDF_VRN_SourceFallback_AllDataRegistry_v0100.json; VIA_data_manifest (1).json; VIA_data_manifest (2).json; VIA_data_manifest.json; via_param_manager (1).py; vdf_pending_triflow_env_probe_result_v0203.json"
"P0","P0_OWNER_DECISION_REQUIRED","VDF","MARKET_TICKER_IDENTITY","tw_yfinance_ticker","11","Do not auto-fix. Choose one canonical owner/value before v0111.","HIGH_IF_AUTO_MERGED","false","""{TW_TICKER}.TW or {TW_TICKER}.TWO"" || ""6669.TW"" || ""1101.TW"" || ""1102.TW"" || ""1103.TW"" || ""1104.TW""","VRN_ACTIVE_STAGE_POINTER_CANDIDATE_v029SSOT1B.json; vrn_unified_ssot_builder_v029ssot1b.py; VRN_MDL044_VRN_v141A_ReadOnly_Consumer_Loader__MODULE__v141A.json; VRN_MDL112_VRN_v140M_Dashboard_ReadOnly_Launch_Pack__BASICINFO__v140M.json; VRN_MDL113_VRN_v140M_Dashboard_ReadOnly_Launch_Pack__REPORT__v140M.json; VRN_MDL114_VRN_v140L_Route_Verify_Dashboard_Readiness__REPORT__v140L.json; VRN_MDL115_source_v140L_route_verify__BASICINFO__v140L.json; VRN_MDL116_VRN_v140L_Route_Verify_Dashboard_Readiness__REPORT__v140L.json"
"P0","P0_OWNER_DECISION_REQUIRED","VRN/VDF","SCHEMA_FIELD_CONTRACT","unit_mn_twd","10","Do not auto-fix. Choose one canonical owner/value before v0111.","HIGH_IF_AUTO_MERGED","false","933 || 885 || 941 || 891 || 960 || 899","VRN_MDL031_vrn_canonical_english_system_seal_fix_v0569__GOVERNANCE__v0569.json; VRN_MDL032_vrn_canonical_english_system_seal_fix_v0569__GOVERNANCE__v0569.json; VRN_MDL164_vrn_data_trust_granular_calibration_v05692__MODULE__v05692.json; VRN_MDL165_vrn_data_trust_granular_calibration_v05692__MODULE__v05692.json; VRN_MDL166_vrn_duckdb_empty_safe_data_trust_calibration_v05691__MODULE__v05691.json; VRN_MDL167_vrn_duckdb_empty_safe_data_trust_calibration_v05691__MODULE__v05691.json; VRN_MDL168_vrn_final_integration_resolver_v0567__MODULE__v0567.json; VRN_MDL169_vrn_final_integration_resolver_v0567__GOVERNANCE__v0567.json"
"P0","P0_OWNER_DECISION_REQUIRED","VDF","DATA_SOURCE_CONTRACT","timezone_policy","10","Do not auto-fix. Choose one canonical owner/value before v0111.","HIGH_IF_AUTO_MERGED","false","timezone_policy = ""LOCAL_AS_IS"" || timezone_policy = ""ASIA_TAIPEI"" || timezone_policy = ""US_TO_TAIPEI_SHIFT_PLUS_1"" || timezone_policy = ""SOURCE_TIMEZONE_TO_TAIPEI"" || timezone_policy || r.get(""timezone_policy"", ""LOCAL_AS_IS"")","vap_warehouse_v4_builder.py; vap_warehouse_v5_next3_builder.py; vap_warehouse_v5_next3_payload.json"
"P0","P0_OWNER_DECISION_REQUIRED","VDF","DATA_SOURCE_CONTRACT","HardGate","10","Do not auto-fix. Choose one canonical owner/value before v0111.","HIGH_IF_AUTO_MERGED","false","""TWSE v018 manifest exists; rows >= 2460; CSV/JSON/Parquet/DuckDB exist."" || ""Do not execute all 20 paths. Select one quote/list endpoint first."" || ""First safe table = VDF_TW_MonthlyRevenue."" || ""MonthlyRevenue seal must exist first."" || ""FRED_API_KEY exists; package env ready."" || ""Capability probe seal must exist first.""","VDF_RemainingMegaFlow_ExecutionQueue_v0204.json"
"P0","P0_OWNER_DECISION_REQUIRED","VRN/VDF","SCHEMA_FIELD_CONTRACT","schema_csv","9","Do not auto-fix. Choose one canonical owner/value before v0111.","HIGH_IF_AUTO_MERGED","false","""C:\\Users\\tonyk\\OneDrive\\VeritasIntelligenceAnalytics\\module\\VRN\\output\\_route_lock_runs\\RUN_20260526_220104_VRN_V141A_READONLY_CONSUMER_LOADER\\VRN_v141A_Consumer_Loader_... || OUT_SCHEMA_CSV || str(run_dir / ""vrn_post_commit_schema_v0615721.csv"") || ""C:\\Users\\tonyk\\OneDrive\\VeritasIntelligenceAnalytics\\module\\VRN\\output\\_route_lock_runs\\RUN_20260526_202858_VRN_V140L_ROUTE_VERIFY_DASHBOARD_READINESS\\VRN_v140L_Table_Sc... || ""C:\\Users\\tonyk\\OneDrive\\VeritasIntelligenceAnalytics\\module\\VRN\\_vrn_operation_ui_runs\\VRN_POST_COMMIT_PRODUCTION_SEAL_V0615721_20260523_235836\\vrn_post_commit_schema_v06... || ""C:\\Users\\tonyk\\OneDrive\\VeritasIntelligenceAnalytics\\module\\VRN\\output\\_route_lock_runs\\RUN_20260526_193326_VRN_V140H_READONLY_PRODUCTION_VERIFY\\VRN_v140H_Production_Tab...","VRN_MDL044_VRN_v141A_ReadOnly_Consumer_Loader__MODULE__v141A.json; VRN_MDL084_VRN_v141A_ReadOnly_Consumer_Loader__MODULE__v141A.py; VRN_MDL092_vrn_post_commit_production_seal_v0615721__GOVERNANCE__v0615721.py; VRN_MDL114_VRN_v140L_Route_Verify_Dashboard_Readiness__REPORT__v140L.json; VRN_MDL115_source_v140L_route_verify__BASICINFO__v140L.json; VRN_MDL116_VRN_v140L_Route_Verify_Dashboard_Readiness__REPORT__v140L.json; VRN_MDL135_VRN_v140B3_CSV_CaseSafe_Auditor__GOVERNANCE__v140B3.py; VRN_MDL201_vrn_post_commit_production_seal_v0615721__GOVERNANCE__v0615721.json"
"P0","P0_OWNER_DECISION_REQUIRED","VDF","MARKET_TICKER_IDENTITY","TW_YFINANCE_REGEX","9","Do not auto-fix. Choose one canonical owner/value before v0111.","HIGH_IF_AUTO_MERGED","false","TW_YFINANCE_REGEX  = r""[1-9]\d{3}\.(TW|TWO)"" || TW_YFINANCE_REGEX   = XXXX.TW / XXXX.TWO format || TW_YFINANCE_REGEX  = r""^([1-9]\d{3})\.(TW|TWO)$"" || TW_YFINANCE_REGEX  = re.compile(r""\b[1-9]\d{3}\.(TW|TWO)\b"") || TW_YFINANCE_REGEX   = r""([1-9]\d{3})\.(TW|TWO)"" || TW_YFINANCE_REGEX  = r""([1-9]\d{3})\.(TW|TWO)""","vap_config.py; VDF_MDL001_TWUniverseVerify.py; VDF_MDL002_YFinanceFetchingEngine.py; VDF_MDL004_TWFullMarketEngine.py; VDF_MDL007_SSOTResolver.py; VDF_MDL201_GenerateFullRegistry.py; VDF_MDL402_RegistrySample.json; VDF_MDL403_RegistryFull.json"
"P0","P0_OWNER_DECISION_REQUIRED","VDF","DATA_SOURCE_CONTRACT","akshare","9","Do not auto-fix. Choose one canonical owner/value before v0111.","HIGH_IF_AUTO_MERGED","false","{ || {""enabled"": True,  ""timeout_sec"": 45, ""retries"": 3} || true || [ || False || akshare = None","params.example (1).json; params.example (2).json; VDF_VRN_SourceFallback_AllDataRegistry_v0100.json; via_param_manager (1).py; vdf_pending_triflow_env_probe_result_v0203.json; vdf_pending_triflow_env_probe_v0203.py; vdf_production_fetch_controller_v016.py; vdf_production_fetch_result_v016.json"
"P0","P0_OWNER_DECISION_REQUIRED","VDF","MARKET_TICKER_IDENTITY","TW_TICKER_REGEX","9","Do not auto-fix. Choose one canonical owner/value before v0111.","HIGH_IF_AUTO_MERGED","false","""(?<!\\d)([1-9]\\d{3})(?!\\d)"" || TW_TICKER_REGEX    = r""(?!202\d|2030)[1-9]\d{3}"" || TW_TICKER_REGEX = re.compile(r""^(?!202[1-9])(?!2030)[1-9]\d{3}$"") || TW_TICKER_REGEX     = r""(?!0)(?!202[1-9])(?!2030)([1-9]\d{3})"" || TW_TICKER_REGEX    = r""(?!0)(?!202[1-9])(?!2030)([1-9]\d{3})"" || TW_TICKER_REGEX    = re.compile(r""^(?!202[1-9])(?!2030)[1-9]\d{3}$"")","VRN_S05_FieldRegistry_v0101.json; VRN_ACTIVE_STAGE_POINTER_CANDIDATE_v029SSOT1B.json; vrn_unified_ssot_builder_v029ssot1b.py; vap_config.py; VRN_MDL263_vrn_unified_operation_db_ui_v0582__MODULE__v0582.py; VRN_MDL264_vrn_unified_operation_db_ui_v0582__MODULE__v0582.py; VDF_MDL001_TWUniverseVerify.py; VDF_MDL002_YFinanceFetchingEngine.py"
"P0","P0_OWNER_DECISION_REQUIRED","VDF","MARKET_TICKER_IDENTITY","RequiredFields","9","Do not auto-fix. Choose one canonical owner/value before v0111.","HIGH_IF_AUTO_MERGED","false","""ticker,name,market"" || ""ticker,name"" || ""ticker,date,close,volume"" || ""ticker,yyyymm,revenue"" || ""ticker,period"" || ""ticker,date""","VDF_OutputDatabase_DataScope_Matrix.json"
"P0","P0_OWNER_DECISION_REQUIRED","VRN/VDF","SCHEMA_FIELD_CONTRACT","changed_units","9","Do not auto-fix. Choose one canonical owner/value before v0111.","HIGH_IF_AUTO_MERGED","false","0 || 57 || 70 || 91 || 82 || 113","VRN_MDL168_vrn_final_integration_resolver_v0567__MODULE__v0567.json; VRN_MDL169_vrn_final_integration_resolver_v0567__GOVERNANCE__v0567.json; VRN_MDL173_vrn_deep_semantic_conflict_resolver_v0563__MODULE__v0563.json; VRN_MDL174_vrn_deep_semantic_conflict_resolver_v0563__MODULE__v0563.json; VRN_MDL175_vrn_semantic_isolation_seal_v0562__GOVERNANCE__v0562.json; VRN_MDL176_vrn_semantic_isolation_seal_v0562__GOVERNANCE__v0562.json; VRN_MDL177_vrn_panoramic_triple_pass_repair_v0561__MODULE__v0561.json; VRN_MDL178_vrn_panoramic_triple_pass_repair_v0561__GOVERNANCE__v0561.json"
"P0","P0_OWNER_DECISION_REQUIRED","VRN/VDF","SCHEMA_FIELD_CONTRACT","unit_x","8","Do not auto-fix. Choose one canonical owner/value before v0111.","HIGH_IF_AUTO_MERGED","false","66 || 104 || 61 || 118 || 60 || 109","VRN_MDL031_vrn_canonical_english_system_seal_fix_v0569__GOVERNANCE__v0569.json; VRN_MDL032_vrn_canonical_english_system_seal_fix_v0569__GOVERNANCE__v0569.json; VRN_MDL164_vrn_data_trust_granular_calibration_v05692__MODULE__v05692.json; VRN_MDL165_vrn_data_trust_granular_calibration_v05692__MODULE__v05692.json; VRN_MDL166_vrn_duckdb_empty_safe_data_trust_calibration_v05691__MODULE__v05691.json; VRN_MDL167_vrn_duckdb_empty_safe_data_trust_calibration_v05691__MODULE__v05691.json; VRN_MDL168_vrn_final_integration_resolver_v0567__MODULE__v0567.json; VRN_MDL169_vrn_final_integration_resolver_v0567__GOVERNANCE__v0567.json"
"P0","P0_OWNER_DECISION_REQUIRED","VRN/VDF","SCHEMA_FIELD_CONTRACT","target_field","8","Do not auto-fix. Choose one canonical owner/value before v0111.","HIGH_IF_AUTO_MERGED","false","""AI_PRJ"" || ""AI_PROC"" || ""AI_MAT"" || ""AI_ORG"" || ""AI_COST"" || ""AI_BGT""","regex_registry (1).json; regex_registry (2).json; regex_registry.json"
"P0","P0_OWNER_DECISION_REQUIRED","VDF","DATA_SOURCE_CONTRACT","mixing_policy","8","Do not auto-fix. Choose one canonical owner/value before v0111.","HIGH_IF_AUTO_MERGED","false","""official_source_only_when_row.other_source == not_allowed"" || ""allowed_only_when_registry_row.source includes MOPS"" || ""not_allowed_for_tw_official_chip_margin_daytrade_rows"" || ""allowed_only_when fallback_allowed == true"" || ""allowed_only_for_macro/rates/long_series or fallback_allowed == true"" || ""not primary unless explicitly allowed by historical_validation_policy""","VDF_VRN_SourceFallback_AllDataRegistry_v0100.json"
"P0","P0_OWNER_DECISION_REQUIRED","VIA","GOVERNANCE_POLICY","calendar_policy","8","Do not auto-fix. Choose one canonical owner/value before v0111.","HIGH_IF_AUTO_MERGED","false","calendar_policy = ""NO_CALENDAR_ALIGNMENT"" || calendar_policy = ""TW_TRADING_DAY"" || calendar_policy = ""US_TRADING_DAY_SHIFTED_TO_TW_VIEW"" || calendar_policy = ""MACRO_CALENDAR_FORWARD_FILL"" || calendar_policy || r.get(""calendar_policy"", ""NO_CALENDAR_ALIGNMENT"")","vap_warehouse_v4_builder.py; vap_warehouse_v5_next3_builder.py; vap_warehouse_v5_next3_payload.json"
"P0","P0_OWNER_DECISION_REQUIRED","VIA","GOVERNANCE_POLICY","fill_policy","7","Do not auto-fix. Choose one canonical owner/value before v0111.","HIGH_IF_AUTO_MERGED","false","fill_policy = ""NO_FILL"" || fill_policy = ""FORWARD_FILL_ALLOWED_FOR_MACRO_ONLY"" || fill_policy = ""FORWARD_FILL_ALLOWED"" || fill_policy || r.get(""fill_policy"", ""NO_FILL"") || ""FORWARD_FILL_ALLOWED_FOR_MACRO_ONLY""","vap_warehouse_v4_builder.py; vap_warehouse_v5_next3_builder.py; vap_warehouse_v5_next3_payload.json"
"P0","P0_OWNER_DECISION_REQUIRED","VDF","MARKET_TICKER_IDENTITY","left_ticker","7","Do not auto-fix. Choose one canonical owner/value before v0111.","HIGH_IF_AUTO_MERGED","false","left || ""2330.TW"" || ""2317.TW"" || ""2454.TW"" || ""NVDA"" || ""SPY""","vap_warehouse_v6_all_builder.py; vap_warehouse_v6_payload.json; vap_warehouse_v7_quant_builder.py"
"P0","P0_OWNER_DECISION_REQUIRED","VDF","DATA_SOURCE_CONTRACT","alignment_policy","7","Do not auto-fix. Choose one canonical owner/value before v0111.","HIGH_IF_AUTO_MERGED","false","alignment_policy = ""TW_TRADING_DATE"" || alignment_policy = ""US_TO_TAIPEI_SHIFT_PLUS_1"" || alignment_policy = ""SOURCE_AS_IS"" || alignment_policy || ""TW_TRADING_DATE"" || ""US_TO_TAIPEI_SHIFT_PLUS_1""","vap_warehouse_v5_next3_builder.py; vap_warehouse_v5_next3_payload.json; vap_warehouse_v6_all_builder.py; vap_warehouse_v6_payload.json"
"P0","P0_OWNER_DECISION_REQUIRED","VDF","MARKET_TICKER_IDENTITY","addFields","7","Do not auto-fix. Choose one canonical owner/value before v0111.","HIGH_IF_AUTO_MERGED","false","[{k:'code',ph:'2330'},{k:'name',ph:'台積電'},{k:'market',ph:'TWSE'},{k:'sector',ph:'半導體'}] || [{k:'ticker',ph:'^GSPC'},{k:'name',ph:'S&P 500'},{k:'group',ph:'INDICES_US'},{k:'asset_class',ph:'INDEX'}] || [{k:'via_code',ph:'US.Custom.Foo'},{k:'fred_id',ph:'FRED_ID'},{k:'indicator',ph:'指標名'},{k:'theme',ph:'Rates'},{k:'freq',ph:'D'}] || [{k:'code',ph:'cn_custom'},{k:'name',ph:'自訂'},{k:'theme',ph:'Futures'},{k:'sub_theme',ph:'?'},{k:'func',ph:'futures_main_sina'}] || [] || [{k:'ticker',ph:'2330 or NVDA'},{k:'name',ph:'名稱'},{k:'market',ph:'TWSE/TPEX/US'},{k:'role',ph:'用途'}]","VDF_MDL501_DataModuleController.html"
"P0","P0_OWNER_DECISION_REQUIRED","VDF","MARKET_TICKER_IDENTITY","right_ticker","7","Do not auto-fix. Choose one canonical owner/value before v0111.","HIGH_IF_AUTO_MERGED","false","right || ""2317.TW"" || ""2454.TW"" || ""NVDA"" || ""SPY"" || ""^TWII""","vap_warehouse_v6_all_builder.py; vap_warehouse_v6_payload.json; vap_warehouse_v7_quant_builder.py"
"P0","P0_OWNER_DECISION_REQUIRED","VRN/VDF","SCHEMA_FIELD_CONTRACT","schemas","6","Do not auto-fix. Choose one canonical owner/value before v0111.","HIGH_IF_AUTO_MERGED","false","s.get(""schemas"", """") || 45 || """" || int(v4_summary.get(""schemas"", next((x.get(""rows"", 0) for x in tables if x.get(""table"") == ""schema_intelligence_registry""), 0))) || int(v4_summary.get(""schemas"", table_map.get(""schema_intelligence_registry"", 0))) || int(len(schema_df))","vap_panorama_maturity_optimizer.py; vap_panorama_maturity_payload.json; vap_project_completion_manifest.json; vap_project_completion_probe.py; vap_project_completion_manifest_v2.json; vap_project_completion_probe_v2.py; vap_warehouse_v4_builder.py; vap_warehouse_v4_payload.json"
"P0","P0_OWNER_DECISION_REQUIRED","VDF","MARKET_TICKER_IDENTITY","EXTRA_TICKERS","6","Do not auto-fix. Choose one canonical owner/value before v0111.","HIGH_IF_AUTO_MERGED","false","EXTRA_TICKERS      = [""""NVDA"""", """"TSM"""", """"AAPL""""]          # 額外加入的海外股 || EXTRA_TICKERS      = [""""NVDA"""", """"TSM"""", """"AAPL""""] || EXTRA_TICKERS      = [&quot;NVDA&quot;, &quot;TSM&quot;, &quot;AAPL&quot;]          # 額外加入的海外股 || EXTRA_TICKERS      = [&quot;NVDA&quot;, &quot;TSM&quot;, &quot;AAPL&quot;] || EXTRA_TICKERS      = [""NVDA"", ""TSM"", ""AAPL""]          # 額外加入的海外股 || EXTRA_TICKERS      = [""NVDA"", ""TSM"", ""AAPL""]","VIA_KeySignalScan_v02861.csv; VIA_SupportiveDocking_VDF_VRN_Report_v02861.html; VIA_SignalScan_v02863.csv; VDF_MDL005_TWStockFilter.py; VDF_MDL006_FinancialModel.py"
"P0","P0_OWNER_DECISION_REQUIRED","VIA","GOVERNANCE_POLICY","weekend_holiday_policy","6","Do not auto-fix. Choose one canonical owner/value before v0111.","HIGH_IF_AUTO_MERGED","false","""strict"" if ""Crypto"" in theme else ""forward_fill""} || ""skip""} || { || ""forward_fill"" || ""skip"" || ""strict""","VDF_MDL201_GenerateFullRegistry.py; VDF_MDL401_RegistrySchema.json; VDF_MDL402_RegistrySample.json"
"P0","P0_OWNER_DECISION_REQUIRED","VRN/VDF","SCHEMA_FIELD_CONTRACT","unit_twd","6","Do not auto-fix. Choose one canonical owner/value before v0111.","HIGH_IF_AUTO_MERGED","false","42 || 47 || 41 || 46 || 33 || 31","VRN_MDL031_vrn_canonical_english_system_seal_fix_v0569__GOVERNANCE__v0569.json; VRN_MDL032_vrn_canonical_english_system_seal_fix_v0569__GOVERNANCE__v0569.json; VRN_MDL164_vrn_data_trust_granular_calibration_v05692__MODULE__v05692.json; VRN_MDL165_vrn_data_trust_granular_calibration_v05692__MODULE__v05692.json; VRN_MDL166_vrn_duckdb_empty_safe_data_trust_calibration_v05691__MODULE__v05691.json; VRN_MDL167_vrn_duckdb_empty_safe_data_trust_calibration_v05691__MODULE__v05691.json; VRN_MDL168_vrn_final_integration_resolver_v0567__MODULE__v0567.json; VRN_MDL169_vrn_final_integration_resolver_v0567__GOVERNANCE__v0567.json"
"P0","P0_OWNER_DECISION_REQUIRED","VDF","DATA_SOURCE_CONTRACT","fred_api_key_exists","5","Do not auto-fix. Choose one canonical owner/value before v0111.","HIGH_IF_AUTO_MERGED","false","true || fred_key_exists || result[""fred_api_key_exists""] || bool(os.environ.get(""FRED_API_KEY"")) || any(bool(os.environ.get(k, """").strip()) for k in fred_keys)","VDF_ACTIVE_POINTER_before_v02831_20260611_031152.json; VDF_ACTIVE_POINTER_before_v02832_20260611_031541.json; VDF_ACTIVE_POINTER_before_v0283_20260611_024903.json; VDF_ACTIVE_POINTER_before_v027841_20260611_013435.json; VDF_ACTIVE_POINTER_before_v02783_20260611_012926.json; VDF_ACTIVE_POINTER_before_v027842_20260611_013908.json; VDF_ACTIVE_POINTER_before_v0279_20260611_020210.json; VDF_ACTIVE_POINTER_before_v0280_20260611_020645.json"
"P0","P0_OWNER_DECISION_REQUIRED","VDF","DATA_SOURCE_CONTRACT","merge_policy_gate","5","Do not auto-fix. Choose one canonical owner/value before v0111.","HIGH_IF_AUTO_MERGED","false","""MERGE_BLOCKED_UNTIL_CANONICAL_MAPPING_GATE; allowed=False; next=v027.7 AkShare canonical mapping gate only; no DB write"" || { || {} || merge_policy_gate = { || result[""merge_policy_gate""]","VDF_AkShare_CandidateToCanonicalMergeGateReviewPlan_v0276.json; VDF_AkShare_CandidateToCanonicalMergeGateReview_Matrix_v0276.json; VDF_Top10_LocalFreeLibs_AkShareMergeGateReview_v0276.json; vdf_akshare_candidate_to_canonical_merge_gate_review_result_v0276.json; vdf_akshare_candidate_to_canonical_merge_gate_review_v0276.py"
"P0","P0_OWNER_DECISION_REQUIRED","VDF","MARKET_TICKER_IDENTITY","vrn_merge_yfinance_ticker","5","Do not auto-fix. Choose one canonical owner/value before v0111.","HIGH_IF_AUTO_MERGED","false","""1101.TW"" || ""1102.TW"" || ""1103.TW"" || ""1104.TW"" || ""1108.TW""","VRN_MDL273_VRN_v140H_ReadOnly_Production_Verify__MODULE__v140H.json; VRN_MDL274_SOURCE_VRN_v140G_Production_DuckDB_Commit_Final_Seal__BASICINFO__v140G.json; VRN_MDL275_VRN_v140G_Production_DuckDB_Commit_Final_Seal__GOVERNANCE__v140G.json; VRN_MDL276_VRN_v140D_Sandbox_DuckDB_Writer_Gate__MODULE__v140D.json"
"P0","P0_OWNER_DECISION_REQUIRED","VDF","MARKET_TICKER_IDENTITY","ticker_regex","5","Do not auto-fix. Choose one canonical owner/value before v0111.","HIGH_IF_AUTO_MERGED","false","""^[0-9A-Z]{4,8}$"" || ""C:\\Users\\tonyk\\Downloads\\VeritasIntelligenceAnalytics\\dict\\VRN\\SSOT\\_runs\\VRN_UNIFIED_SSOT_BUILDER_v029SSOT1B_20260615_143918\\parquet\\VRN_TickerRegexSSOT_v029SSOT1B.par... || os.path.join(parquet_dir, ""VRN_TickerRegexSSOT_v029SSOT1B.parquet"") || ticker_regex = [ || ""^(?!202[1-9])(?!2030)[1-9]\\d{3}$""","VDF_Extraction_Params_SSOT.json; VRN_ACTIVE_STAGE_POINTER.json; vrn_ssot_verifier_active_pointer_v029ssot1c.py; vrn_unified_ssot_builder_v029ssot1b.py; VRN_MDL239_vrn_new_report_format_system_default_installer_v06155__REPORT__v06155.py"
"P0","P0_OWNER_DECISION_REQUIRED","VRN/VDF","SCHEMA_FIELD_CONTRACT","schema_gate","5","Do not auto-fix. Choose one canonical owner/value before v0111.","HIGH_IF_AUTO_MERGED","false","""OK_SCHEMA_GATE_REVIEW_WITH_MAPPING_REQUIRED; risk=MEDIUM; count=1"" || { || {} || schema_gate = { || result[""schema_gate""]","VDF_AkShare_CandidateToCanonicalMergeGateReviewPlan_v0276.json; VDF_AkShare_CandidateToCanonicalMergeGateReview_Matrix_v0276.json; VDF_Top10_LocalFreeLibs_AkShareMergeGateReview_v0276.json; vdf_akshare_candidate_to_canonical_merge_gate_review_result_v0276.json; vdf_akshare_candidate_to_canonical_merge_gate_review_v0276.py"
"P0","P0_OWNER_DECISION_REQUIRED","VDF","MARKET_TICKER_IDENTITY","factset_tw_ticker","5","Do not auto-fix. Choose one canonical owner/value before v0111.","HIGH_IF_AUTO_MERGED","false","""1101"" || ""1102"" || ""1103"" || ""1104"" || ""1108""","VRN_MDL273_VRN_v140H_ReadOnly_Production_Verify__MODULE__v140H.json; VRN_MDL274_SOURCE_VRN_v140G_Production_DuckDB_Commit_Final_Seal__BASICINFO__v140G.json; VRN_MDL275_VRN_v140G_Production_DuckDB_Commit_Final_Seal__GOVERNANCE__v140G.json; VRN_MDL276_VRN_v140D_Sandbox_DuckDB_Writer_Gate__MODULE__v140D.json"
"P0","P0_OWNER_DECISION_REQUIRED","VDF","MARKET_TICKER_IDENTITY","factset_tw_yfinance_ticker","5","Do not auto-fix. Choose one canonical owner/value before v0111.","HIGH_IF_AUTO_MERGED","false","""1101.TW"" || ""1102.TW"" || ""1103.TW"" || ""1104.TW"" || ""1108.TW""","VRN_MDL273_VRN_v140H_ReadOnly_Production_Verify__MODULE__v140H.json; VRN_MDL274_SOURCE_VRN_v140G_Production_DuckDB_Commit_Final_Seal__BASICINFO__v140G.json; VRN_MDL275_VRN_v140G_Production_DuckDB_Commit_Final_Seal__GOVERNANCE__v140G.json; VRN_MDL276_VRN_v140D_Sandbox_DuckDB_Writer_Gate__MODULE__v140D.json"
"P0","P0_OWNER_DECISION_REQUIRED","VDF","MARKET_TICKER_IDENTITY","yf_tw_ticker","5","Do not auto-fix. Choose one canonical owner/value before v0111.","HIGH_IF_AUTO_MERGED","false","""1101"" || ""1102"" || ""1103"" || ""1104"" || ""1108""","VRN_MDL273_VRN_v140H_ReadOnly_Production_Verify__MODULE__v140H.json; VRN_MDL274_SOURCE_VRN_v140G_Production_DuckDB_Commit_Final_Seal__BASICINFO__v140G.json; VRN_MDL275_VRN_v140G_Production_DuckDB_Commit_Final_Seal__GOVERNANCE__v140G.json; VRN_MDL276_VRN_v140D_Sandbox_DuckDB_Writer_Gate__MODULE__v140D.json"
"P0","P0_OWNER_DECISION_REQUIRED","VDF","MARKET_TICKER_IDENTITY","vrn_merge_ticker","5","Do not auto-fix. Choose one canonical owner/value before v0111.","HIGH_IF_AUTO_MERGED","false","""1101"" || ""1102"" || ""1103"" || ""1104"" || ""1108""","VRN_MDL273_VRN_v140H_ReadOnly_Production_Verify__MODULE__v140H.json; VRN_MDL274_SOURCE_VRN_v140G_Production_DuckDB_Commit_Final_Seal__BASICINFO__v140G.json; VRN_MDL275_VRN_v140G_Production_DuckDB_Commit_Final_Seal__GOVERNANCE__v140G.json; VRN_MDL276_VRN_v140D_Sandbox_DuckDB_Writer_Gate__MODULE__v140D.json"
"P0","P0_OWNER_DECISION_REQUIRED","VDF","DATA_SOURCE_CONTRACT","schema_id","5","Do not auto-fix. Choose one canonical owner/value before v0111.","HIGH_IF_AUTO_MERGED","false","""VDF_VRN_SourceFallback_AllDataRegistry"" || ""VRN_BROKER_LIST"" || ""VRN_IO_Summary"" || ""VRN_S05_FieldRegistry"" || f""SCH_{row.get('asset_id', '')}""","VDF_VRN_SourceFallback_AllDataRegistry_v0100.json; VRN_BROKER_LIST_v01.json; VRN_IO_Summary_v0100 (1).json; VRN_IO_Summary_v0100 (2).html; VRN_IO_Summary_v0100.html; VRN_IO_Summary_v0100.json; VRN_S05_FieldRegistry_v0101.json; VRN_S05_FieldRegistry_v0102.json"
"P0","P0_OWNER_DECISION_REQUIRED","VDF","MARKET_TICKER_IDENTITY","yf_tw_yfinance_ticker","5","Do not auto-fix. Choose one canonical owner/value before v0111.","HIGH_IF_AUTO_MERGED","false","""1101.TW"" || ""1102.TW"" || ""1103.TW"" || ""1104.TW"" || ""1108.TW""","VRN_MDL273_VRN_v140H_ReadOnly_Production_Verify__MODULE__v140H.json; VRN_MDL274_SOURCE_VRN_v140G_Production_DuckDB_Commit_Final_Seal__BASICINFO__v140G.json; VRN_MDL275_VRN_v140G_Production_DuckDB_Commit_Final_Seal__GOVERNANCE__v140G.json; VRN_MDL276_VRN_v140D_Sandbox_DuckDB_Writer_Gate__MODULE__v140D.json"
"P0","P0_OWNER_DECISION_REQUIRED","VRN/VDF","SCHEMA_FIELD_CONTRACT","schema_rows","4","Do not auto-fix. Choose one canonical owner/value before v0111.","HIGH_IF_AUTO_MERGED","false","schema_rows = [] || 149 || len(schema_rows) || []","vdf_akshare_execution_readiness_review_v0279.py; VRN_MDL044_VRN_v141A_ReadOnly_Consumer_Loader__MODULE__v141A.json; VRN_MDL084_VRN_v141A_ReadOnly_Consumer_Loader__MODULE__v141A.py; VRN_MDL092_vrn_post_commit_production_seal_v0615721__GOVERNANCE__v0615721.py"
"P0","P0_OWNER_DECISION_REQUIRED","VDF","MARKET_TICKER_IDENTITY","ticker_summary_csv","4","Do not auto-fix. Choose one canonical owner/value before v0111.","HIGH_IF_AUTO_MERGED","false","""C:\\Users\\tonyk\\OneDrive\\VeritasIntelligenceAnalytics\\module\\VRN\\_vrn_operation_ui_runs\\VRN_BUSINESS_VALIDATION_REPORT_V061574_20260524_014947\\vrn_business_validation_by_t... || ""C:\\Users\\tonyk\\OneDrive\\VeritasIntelligenceAnalytics\\module\\VRN\\_vrn_operation_ui_runs\\VRN_BUSINESS_VALIDATION_REPORT_V061574_20260524_014406\\vrn_business_validation_by_t... || ""C:\\Users\\tonyk\\OneDrive\\VeritasIntelligenceAnalytics\\module\\VRN\\_vrn_operation_ui_runs\\VRN_BUSINESS_VALIDATION_REPORT_V061574_20260524_013646\\vrn_business_validation_by_t... || str(run_dir / ""vrn_business_validation_by_ticker_v061574.csv"")","VRN_MDL197_vrn_financialdata_business_validation_report_v061574__FINANCIALDATA__v061574.json; VRN_MDL198_vrn_financialdata_business_validation_report_v061574__FINANCIALDATA__v061574.json; VRN_MDL199_vrn_financialdata_business_validation_report_v061574__FINANCIALDATA__v061574.json; VRN_MDL200_vrn_financialdata_business_validation_report_v061574__FINANCIALDATA__v061574.json; VRN_MDL227_vrn_business_validation_report_v061574__REPORT__v061574.py; VRN_MDL228_vrn_business_validation_report_v061574__REPORT__v061574.py; VRN_MDL229_vrn_business_validation_report_v061574__REPORT__v061574.py"
"P0","P0_OWNER_DECISION_REQUIRED","VRN/VDF","SCHEMA_FIELD_CONTRACT","missing_unit","4","Do not auto-fix. Choose one canonical owner/value before v0111.","HIGH_IF_AUTO_MERGED","false","0 || missing_unit = sum(1 for r in financial_rows if not str(r.get(""Unit"", """")).strip()) || missing_unit || missing_unit = sum(1 for r in fin_rows if not str(r.get(""Unit"", """")).strip())","VRN_MDL031_vrn_canonical_english_system_seal_fix_v0569__GOVERNANCE__v0569.json; VRN_MDL032_vrn_canonical_english_system_seal_fix_v0569__GOVERNANCE__v0569.json; VRN_MDL049_v0569_canonical_english_system_seal_fix__GOVERNANCE__v0569.py; VRN_MDL164_vrn_data_trust_granular_calibration_v05692__MODULE__v05692.json; VRN_MDL165_vrn_data_trust_granular_calibration_v05692__MODULE__v05692.json; VRN_MDL166_vrn_duckdb_empty_safe_data_trust_calibration_v05691__MODULE__v05691.json; VRN_MDL167_vrn_duckdb_empty_safe_data_trust_calibration_v05691__MODULE__v05691.json; VRN_MDL168_vrn_final_integration_resolver_v0567__MODULE__v0567.json"
"P0","P0_OWNER_DECISION_REQUIRED","VRN/VDF","SCHEMA_FIELD_CONTRACT","unit_band_yellow","4","Do not auto-fix. Choose one canonical owner/value before v0111.","HIGH_IF_AUTO_MERGED","false","5 || 360 || 11 || 59","VRN_MDL181_vrn_unit_consensus_ui_seal_v055__GOVERNANCE__v055.json; VRN_MDL182_vrn_final_display_unit_sanity_v054__MODULE__v054.json; VRN_MDL183_vrn_final_integrated_seal_v053__GOVERNANCE__v053.json; VRN_MDL184_vrn_final_integrated_seal_v053__GOVERNANCE__v053.json; VRN_MDL185_vrn_unit_precision_polish_v0521__MODULE__v0521.json; VRN_MDL186_vrn_unit_precision_polish_v0521__GOVERNANCE__v0521.json"
"P0","P0_OWNER_DECISION_REQUIRED","VDF","MARKET_TICKER_IDENTITY","before_missing_ticker","4","Do not auto-fix. Choose one canonical owner/value before v0111.","HIGH_IF_AUTO_MERGED","false","before_missing_ticker = sum(1 for r in basic_rows if not r.get(""ticker"")) || before_missing_ticker || 0 || before_missing_ticker=sum(1 for r in basic_rows if not r.get(""ticker""))","vrn_parquet_unified_stage_repair.py; VRN_ParquetUnifiedStageRepair_PythonRuntime_v029VRN1C3.json; vrn_parquet_unified_stage_repair_v1c3.py; vrn_staging_identity_repair_rekey_hotfix.py"
"P0","P0_OWNER_DECISION_REQUIRED","VDF","MARKET_TICKER_IDENTITY","ticker_tokens","4","Do not auto-fix. Choose one canonical owner/value before v0111.","HIGH_IF_AUTO_MERGED","false","ticker_tokens = [] || list(dict.fromkeys(ticker_tokens)) || ticker_tokens || "" | "".join(ticker_tokens)","VRN_MDL218_vrn_financial_data_confirm_verify_v06125__FINANCIALDATA__v06125.py; VRN_MDL250_vrn_one_row_file_validation_matrix_v06129__GOVERNANCE__v06129.py; VRN_MDL251_vrn_input_file_coverage_reconcile_v06128__MODULE__v06128.py"
"P0","P0_OWNER_DECISION_REQUIRED","VRN/VDF","SCHEMA_FIELD_CONTRACT","def_PARAM_HARDGATE_DIR","4","Do not auto-fix. Choose one canonical owner/value before v0111.","HIGH_IF_AUTO_MERGED","false","$def_PARAM_HARDGATE_DIR = Join-Path $def_PARAM_OUT_ROOT """"_supportive_hardgate"""" || $def_PARAM_HARDGATE_DIR = Join-Path $def_PARAM_OUT_ROOT &quot;_supportive_hardgate&quot; || $def_PARAM_HARDGATE_DIR = Join-Path $def_PARAM_OUT_ROOT """"_supp"" || $def_PARAM_HARDGATE_DIR = Join-Path $def_PARAM_OUT_ROOT &quot;_supp</td></tr>","VIA_KeySignalScan_v02861.csv; VIA_SupportiveDocking_VDF_VRN_Report_v02861.html; VIA_SignalScan_v02863.csv; VIA_TestDebug_VDF_VRN_Report_v02863.html"
"P0","P0_OWNER_DECISION_REQUIRED","VRN/VDF","SCHEMA_FIELD_CONTRACT","unit_band_green","4","Do not auto-fix. Choose one canonical owner/value before v0111.","HIGH_IF_AUTO_MERGED","false","1337 || 982 || 1240 || 969","VRN_MDL181_vrn_unit_consensus_ui_seal_v055__GOVERNANCE__v055.json; VRN_MDL182_vrn_final_display_unit_sanity_v054__MODULE__v054.json; VRN_MDL183_vrn_final_integrated_seal_v053__GOVERNANCE__v053.json; VRN_MDL184_vrn_final_integrated_seal_v053__GOVERNANCE__v053.json; VRN_MDL185_vrn_unit_precision_polish_v0521__MODULE__v0521.json; VRN_MDL186_vrn_unit_precision_polish_v0521__GOVERNANCE__v0521.json"
"P0","P0_OWNER_DECISION_REQUIRED","VRN/VDF","SCHEMA_FIELD_CONTRACT","unit_review_rows","4","Do not auto-fix. Choose one canonical owner/value before v0111.","HIGH_IF_AUTO_MERGED","false","30 || 120 || 91 || 349","VRN_MDL181_vrn_unit_consensus_ui_seal_v055__GOVERNANCE__v055.json; VRN_MDL182_vrn_final_display_unit_sanity_v054__MODULE__v054.json; VRN_MDL183_vrn_final_integrated_seal_v053__GOVERNANCE__v053.json; VRN_MDL184_vrn_final_integrated_seal_v053__GOVERNANCE__v053.json; VRN_MDL185_vrn_unit_precision_polish_v0521__MODULE__v0521.json; VRN_MDL186_vrn_unit_precision_polish_v0521__GOVERNANCE__v0521.json"
"P0","P0_OWNER_DECISION_REQUIRED","VDF","MARKET_TICKER_IDENTITY","after_missing_ticker","4","Do not auto-fix. Choose one canonical owner/value before v0111.","HIGH_IF_AUTO_MERGED","false","after_missing_ticker = sum(1 for r in basic_rows if not r.get(""ticker"")) || after_missing_ticker || 0 || after_mt,""after_review_required"":after_review","vrn_parquet_unified_stage_repair.py; VRN_ParquetUnifiedStageRepair_PythonRuntime_v029VRN1C3.json; VRN_ParquetUnifiedStageRepair_Runtime_v029VRN1C3.json; vrn_parquet_unified_stage_repair_v1c3.py; vrn_staging_identity_repair_rekey_hotfix.py; vrn_staging_identity_repair_rekey.py"
"P0","P0_OWNER_DECISION_REQUIRED","VRN/VDF","SCHEMA_FIELD_CONTRACT","unit_review_csv","4","Do not auto-fix. Choose one canonical owner/value before v0111.","HIGH_IF_AUTO_MERGED","false","""C:\\Users\\tonyk\\OneDrive\\VeritasIntelligenceAnalytics\\module\\VRN\\_vrn_integrated_trust_runs\\VRN_UNIT_CONSENSUS_UI_SEAL_V055_20260520_150731\\vrn_unit_review_v055.csv"" || ""C:\\Users\\tonyk\\OneDrive\\VeritasIntelligenceAnalytics\\module\\VRN\\_vrn_integrated_trust_runs\\VRN_FINAL_DISPLAY_UNIT_SANITY_V054_20260520_145942\\vrn_unit_review_v054.csv"" || ""C:\\Users\\tonyk\\OneDrive\\VeritasIntelligenceAnalytics\\module\\VRN\\_vrn_integrated_trust_runs\\VRN_FINAL_INTEGRATED_SEAL_V053_20260520_145013\\vrn_unit_review_v053.csv"" || ""C:\\Users\\tonyk\\OneDrive\\VeritasIntelligenceAnalytics\\module\\VRN\\_vrn_integrated_trust_runs\\VRN_UNIT_PRECISION_POLISH_V0521_20260520_132408\\vrn_unit_precision_review_v0521...","VRN_MDL181_vrn_unit_consensus_ui_seal_v055__GOVERNANCE__v055.json; VRN_MDL182_vrn_final_display_unit_sanity_v054__MODULE__v054.json; VRN_MDL183_vrn_final_integrated_seal_v053__GOVERNANCE__v053.json; VRN_MDL184_vrn_final_integrated_seal_v053__GOVERNANCE__v053.json; VRN_MDL185_vrn_unit_precision_polish_v0521__MODULE__v0521.json; VRN_MDL186_vrn_unit_precision_polish_v0521__GOVERNANCE__v0521.json"
"P0","P0_OWNER_DECISION_REQUIRED","VDF","MARKET_TICKER_IDENTITY","required_fields","4","Do not auto-fix. Choose one canonical owner/value before v0111.","HIGH_IF_AUTO_MERGED","false","[ || [""family"",""symbol"",""date"",""value"",""source""] || required_fields = @(""symbol"",""date"",""value"",""source"") || required_fields = @(""family"",""symbol"",""date"",""value"",""source"")","VDF_AkShare_NarrowSource_CanonicalKeyContract_Hotfix_v027821.json; vdf_akshare_narrow_source_contract_dryrun_hotfix_v027821.py; VDF_AkShare_NarrowSource_CanonicalKeyContract_v02782.json; vdf_akshare_narrow_source_contract_dryrun_v02782.py; VDF_AkShare_CanonicalKeyContract_Hotfix_v0278121.json; vdf_akshare_raw_column_profile_contract_hotfix_v0278121.py; VDF_AkShare_RawColumnProfile_CanonicalContract_Transcript_v027812_20260611_001630.txt; VDF_AkShare_CanonicalKeyContract_Hotfix_v02801.json"
"P0","P0_OWNER_DECISION_REQUIRED","VIA","GOVERNANCE_POLICY","policy_id","4","Do not auto-fix. Choose one canonical owner/value before v0111.","HIGH_IF_AUTO_MERGED","false","""COAXIS_TW_BASE"" || ""COAXIS_US_PLUS_1"" || ""COAXIS_MACRO_FFILL"" || ""COAXIS_EVENT_MATRIX""","vap_warehouse_v5_next3_builder.py; vap_warehouse_v5_next3_payload.json"
"P0","P0_OWNER_DECISION_REQUIRED","VDF","MARKET_TICKER_IDENTITY","tw_bloomberg_ticker","4","Do not auto-fix. Choose one canonical owner/value before v0111.","HIGH_IF_AUTO_MERGED","false","""{TW_TICKER} TT"" || f""{code} TT"" || None || canonical[""tw_bloomberg_ticker""]","VRN_ACTIVE_STAGE_POINTER_CANDIDATE_v029SSOT1B.json; vrn_unified_ssot_builder_v029ssot1b.py; VDF_MDL007_SSOTResolver.py"
"P0","P0_OWNER_DECISION_REQUIRED","VDF","MARKET_TICKER_IDENTITY","write_policy","4","Do not auto-fix. Choose one canonical owner/value before v0111.","HIGH_IF_AUTO_MERGED","false","""ADD_OR_REPLACE_AFTER_SEAL_ONLY"" || ""SELECTOR_REQUIRED_BEFORE_SEED"" || ""DEFER_TO_YFINANCE_OR_FUTURE_GATE"" || ""staging_first""","VDF_FredAkshare_SmallScope_SchemaMap_v025.json; VDF_DataCatalog_Draft_v029DUAL0B.json; VDF_SourceRouter_Draft_v029DUAL0B.json"
"P0","REVIEW","VIA_REVIEW_BOARD","DOMAIN_GENERAL","MACRO_CHINA","4","Do not auto-fix. Choose one canonical owner/value before v0111.","HIGH_IF_AUTO_MERGED","false","2 || 343 || 30 || {","vdf_akshare_sample_call_gate_result_v0272.json; VDF_AkShare_SelectorMap_v027.json; vdf_akshare_selector_gate_result_v027.json; VDF_AkShare_SignatureDocMap_v0271.json; vdf_akshare_signature_doc_probe_result_v0271.json; vdf_akshare_signature_doc_probe_v0271.py; VDF_AkShare_SmallScopeSeedPlan_v02731.json; vdf_akshare_small_scope_seed_plan_gate_hotfix_result_v02731.json"
"P0","P0_OWNER_DECISION_REQUIRED","VDF","MARKET_TICKER_IDENTITY","VDF_Global_Macro","4","Do not auto-fix. Choose one canonical owner/value before v0111.","HIGH_IF_AUTO_MERGED","false","[ || [""symbol"",""date"",""value"",""source"",""unit"",""frequency"",""description""] || VDF_Global_Macro = 10 rows || ""^TNX""","vdf_akshare_candidate_to_canonical_merge_gate_review_v0276.py; vdf_akshare_canonical_mapping_gate_v0277.py; VDF_FredCandidateToCanonical_MergeDryRun_Report_v0261.html; vdf_production_fetch_controller_v016.py"
"P0","P0_OWNER_DECISION_REQUIRED","VRN/VDF","SCHEMA_FIELD_CONTRACT","text_fields","3","Do not auto-fix. Choose one canonical owner/value before v0111.","HIGH_IF_AUTO_MERGED","false","text_fields = None || text_fields = list(reader.fieldnames or []) || text_fields=list(reader.fieldnames or [])","vrn_parquet_unified_stage_repair.py; vrn_parquet_unified_stage_repair_v1c3.py"
"P0","P0_OWNER_DECISION_REQUIRED","VDF","DATA_SOURCE_CONTRACT","recommended_fields","3","Do not auto-fix. Choose one canonical owner/value before v0111.","HIGH_IF_AUTO_MERGED","false","[ || recommended_fields = @(""family"",""unit"",""frequency"",""original_function"",""source_table"",""record_hash"",""seeded_at"") || recommended_fields = @(""unit"",""frequency"",""original_function"",""source_file"",""source_file_name"",""record_hash"",""seeded_at"")","VDF_AkShare_CanonicalKeyContract_Hotfix_v02801.json; VDF_AkShare_CanonicalKeyContract_v0280.json; VDF_VRN_Sync5_Transcript_v0280_20260611_000806.txt"
"P0","P0_OWNER_DECISION_REQUIRED","VDF","DATA_SOURCE_CONTRACT","fred_keys","3","Do not auto-fix. Choose one canonical owner/value before v0111.","HIGH_IF_AUTO_MERGED","false","fred_keys = [""FRED_API_KEY"",""VDF_FRED_API_KEY"",""VIA_FRED_API_KEY""] || fred_keys = [ || fred_keys = [""FRED_API_KEY"", ""VDF_FRED_API_KEY"", ""VIA_FRED_API_KEY""]","vdf_fred_akshare_small_scope_gate_probe_v025.py; vdf_three_deferred_flow_capability_probe_v024.py; vdf_fred_akshare_capability_seal_probe_v0241.py"
"P0","P0_OWNER_DECISION_REQUIRED","VDF","MARKET_TICKER_IDENTITY","VRN_TickerRegexSSOT","3","Do not auto-fix. Choose one canonical owner/value before v0111.","HIGH_IF_AUTO_MERGED","false","""C:\\Users\\tonyk\\Downloads\\VeritasIntelligenceAnalytics\\dict\\VRN\\SSOT\\_runs\\VRN_UNIFIED_SSOT_BUILDER_v029SSOT1B_20260615_143918\\parquet\\VRN_TickerRegexSSOT_v029SSOT1B.par... || ""C:\\Users\\tonyk\\Downloads\\VeritasIntelligenceAnalytics\\dict\\VRN\\SSOT\\_runs\\VRN_UNIFIED_SSOT_BUILDER_v029SSOT1B_20260615_143918\\json\\VRN_TickerRegexSSOT_v029SSOT1B.json"" || ticker_regex","VRN_ACTIVE_STAGE_POINTER_CANDIDATE_v029SSOT1B.json; VIA_UnifiedInput_SSOT_v029SSOT1B.json; VRN_UnifiedSSOTBuilder_PythonRuntime_v029SSOT1B.json; vrn_unified_ssot_builder_v029ssot1b.py"
"P0","P0_OWNER_DECISION_REQUIRED","VDF","DATA_SOURCE_CONTRACT","VDF_Global_Commodity_AkShare_Candidate","3","Do not auto-fix. Choose one canonical owner/value before v0111.","HIGH_IF_AUTO_MERGED","false","VDF_Global_Commodity_AkShare_Candidate=150 || 150 || 3","VDF_AkShare_CandidateToCanonicalMergeGateReview_Report_v0276.html; vdf_akshare_candidate_to_canonical_merge_gate_review_result_v0276.json; VDF_AkShare_CanonicalMappingGate_Report_v0277.html; vdf_akshare_canonical_mapping_gate_result_v0277.json; VDF_AkShare_SmallScopeCandidateSeedStaging_Report_v0274.html; vdf_akshare_candidate_seed_staging_result_v0274.json; VDF_AkShare_SmallScopeSeedPlan_v02731.json; vdf_akshare_small_scope_seed_plan_gate_hotfix_result_v02731.json"
"P0","P0_OWNER_DECISION_REQUIRED","VRN/VDF","SCHEMA_FIELD_CONTRACT","schema_warn_count","3","Do not auto-fix. Choose one canonical owner/value before v0111.","HIGH_IF_AUTO_MERGED","false","0 || schema_warn_count = 0 || int(sum(1 for x in schema_rows if str(x[""status""]).startswith(""WARN"")))","VDF_AkShare_v0279_ExecutionReadinessSeal.json; VDF_AkShare_ExecutionReadinessReview_Report_v0279.html; vdf_akshare_execution_readiness_review_result_v0279.json; vdf_akshare_execution_readiness_review_v0279.py"
"P0","P0_OWNER_DECISION_REQUIRED","VDF","MARKET_TICKER_IDENTITY","has_yfinance_data","3","Do not auto-fix. Choose one canonical owner/value before v0111.","HIGH_IF_AUTO_MERGED","false","False || has_yfinance_data = bool(yf_data and yf_data.get(""_yf_error"") is None) || has_yfinance_data","VDF_MDL007_SSOTResolver.py"
"P0","P0_OWNER_DECISION_REQUIRED","VRN/VDF","SCHEMA_FIELD_CONTRACT","schema_role","3","Do not auto-fix. Choose one canonical owner/value before v0111.","HIGH_IF_AUTO_MERGED","false","role || schema_role = str(row.get(""schema_role"", """")) || schema_role","vap_warehouse_v4_builder.py"
"P0","P0_OWNER_DECISION_REQUIRED","VDF","DATA_SOURCE_CONTRACT","akshare_import","3","Do not auto-fix. Choose one canonical owner/value before v0111.","HIGH_IF_AUTO_MERGED","false","true || False || result[""akshare_import""]","VDF_AkShare_SampleCallGatePlan_v0272.json; VDF_AkShare_SampleCallGate_Matrix_v0272.json; vdf_akshare_sample_call_gate_result_v0272.json; vdf_akshare_sample_call_gate_v0272.py; VDF_AkShare_SelectorGatePlan_v027.json; VDF_AkShare_SelectorGate_Matrix_v027.json; VDF_AkShare_SelectorMap_v027.json; vdf_akshare_selector_gate_result_v027.json"
"P0","P0_OWNER_DECISION_REQUIRED","VDF","MARKET_TICKER_IDENTITY","EQUITY_FLAT_SCHEMA","3","Do not auto-fix. Choose one canonical owner/value before v0111.","HIGH_IF_AUTO_MERGED","false","EQUITY_FLAT_SCHEMA        = True   # Long format (Dat"" || EQUITY_FLAT_SCHEMA        = True   # Long format (Dat</td></tr> || EQUITY_FLAT_SCHEMA        = True   # Long format (Date, Ticker, Market, Open, High, Low, Close, Volume, ...)","VIA_KeySignalScan_v02861.csv; VIA_SupportiveDocking_VDF_VRN_Report_v02861.html; VDF_MDL001_TWEquityEngine.py"
"P0","P0_OWNER_DECISION_REQUIRED","VDF","MARKET_TICKER_IDENTITY","consensus_by_ticker","3","Do not auto-fix. Choose one canonical owner/value before v0111.","HIGH_IF_AUTO_MERGED","false","Dict[str, Dict]) -> ""pd.DataFrame"": || consensus_by_ticker = {} || consensus_by_ticker = self.yf_consensus.fetch(yf_tickers)","VDF_MDL004_TWFullMarketEngine.py"
"P0","P0_OWNER_DECISION_REQUIRED","VDF","DATA_SOURCE_CONTRACT","akshare_version","3","Do not auto-fix. Choose one canonical owner/value before v0111.","HIGH_IF_AUTO_MERGED","false","""1.18.55"" || """" || result[""akshare_version""]","VDF_AkShare_SampleCallGatePlan_v0272.json; VDF_AkShare_SampleCallGate_Matrix_v0272.json; vdf_akshare_sample_call_gate_result_v0272.json; vdf_akshare_sample_call_gate_v0272.py; VDF_AkShare_SelectorGatePlan_v027.json; VDF_AkShare_SelectorGate_Matrix_v027.json; VDF_AkShare_SelectorMap_v027.json; vdf_akshare_selector_gate_result_v027.json"
"P0","P0_OWNER_DECISION_REQUIRED","VRN/VDF","SCHEMA_FIELD_CONTRACT","schema_run","3","Do not auto-fix. Choose one canonical owner/value before v0111.","HIGH_IF_AUTO_MERGED","false","schema_run = def_find_latest_dir(run_root, [""VRN_DB_SCHEMA_COMPATIBILITY_AUDIT_V06156971""]) || ""C:\\Users\\tonyk\\OneDrive\\VeritasIntelligenceAnalytics\\module\\VRN\\_vrn_operation_ui_runs\\VRN_DB_SCHEMA_COMPATIBILITY_AUDIT_V06156971_20260523_214019"" || str(schema_run) if schema_run else """"","VRN_MDL035_vrn_real_commit_argfix_backup_postcheck_v0615711__MODULE__v0615711.py; VRN_MDL036_vrn_real_commit_backup_postcheck_rollback_v061571__MODULE__v061571.py; VRN_MDL037_vrn_real_commit_backup_postcheck_rollback_v061571__MODULE__v061571.py; VRN_MDL048_vrn_final_handover_commit_blocker_seal_v0615702__GOVERNANCE__v0615702.py; VRN_MDL079_vrn_commit_candidate_pack_approval_gate_v061570__MODULE__v061570.json; VRN_MDL094_vrn_commit_candidate_pack_approval_gate_v061570__MODULE__v061570.py"
"P0","P0_OWNER_DECISION_REQUIRED","VIA","GOVERNANCE_POLICY","duplicate_after_collision_policy","3","Do not auto-fix. Choose one canonical owner/value before v0111.","HIGH_IF_AUTO_MERGED","false","30 || duplicate_after_collision_policy = 30 || dup_after","VDF_ACTIVE_POINTER_before_v02831_20260611_031152.json; VDF_ACTIVE_POINTER_before_v02832_20260611_031541.json; VDF_ACTIVE_POINTER_before_v0283_20260611_024903.json; VDF_AkShare_CollisionResolver_ExecutionGateReview_v027841.json; VDF_AkShare_CollisionResolver_Audit_v027841.json; VDF_AkShare_CollisionResolverGate_Report_v027841.html; vdf_akshare_collision_resolver_gate_result_v027841.json; vdf_akshare_collision_resolver_gate_v027841.py"
"P0","P0_OWNER_DECISION_REQUIRED","VDF","MARKET_TICKER_IDENTITY","missing_yfinance_csv","3","Do not auto-fix. Choose one canonical owner/value before v0111.","HIGH_IF_AUTO_MERGED","false","""C:\\Users\\tonyk\\OneDrive\\VeritasIntelligenceAnalytics\\module\\VRN\\output\\_route_lock_runs\\RUN_20260525_213605_VRN_CLEAN_CONSENSUS_DECONTAM_V132\\CleanConsensus_Missing_YFin... || ""C:\\Users\\tonyk\\OneDrive\\VeritasIntelligenceAnalytics\\module\\VRN\\output\\_route_lock_runs\\RUN_20260525_213223_VRN_LOCAL_CONSENSUS_EXPANSION_V131\\LocalConsensus_Missing_YFi... || ""C:\\Users\\tonyk\\OneDrive\\VeritasIntelligenceAnalytics\\module\\VRN\\output\\_route_lock_runs\\RUN_20260525_212835_VRN_BASICINFO_COVERAGE_EXPANSION_V130\\BasicInfo_Missing_YFina...","VRN_MDL136_VRN_CleanConsensus_Decontam_Audit_v1_0_32__MODULE__v1_0.json; VRN_MDL137_VRN_LocalConsensus_Expansion_v1_0_31__MODULE__v1_0.json; VRN_MDL138_VRN_BasicInfo_Coverage_Expansion_Audit_v1_0_30__BASICINFO__v1_0.json"
"P0","P0_OWNER_DECISION_REQUIRED","VDF","DATA_SOURCE_CONTRACT","schema_audit_csv","3","Do not auto-fix. Choose one canonical owner/value before v0111.","HIGH_IF_AUTO_MERGED","false","""C:\\Users\\tonyk\\Downloads\\VeritasIntelligenceAnalytics\\dict\\VDF\\_active\\VDF_AKSHARE_EXECUTION_READINESS_REVIEW_v0279_20260611_020210\\registry\\VDF_AkShare_v0279_SchemaAudi... || schema_audit_csv = Path(r""C:\\Users\\tonyk\\Downloads\\VeritasIntelligenceAnalytics\\dict\\VDF\\_active\\VDF_AKSHARE_EXECUTION_READINESS_REVIEW_v0279_20260611_020210\\registry\\VDF... || str(schema_audit_csv)","VDF_AkShare_v0279_ExecutionReadinessSeal.json; vdf_akshare_execution_readiness_review_result_v0279.json; vdf_akshare_execution_readiness_review_v0279.py"
"P0","P0_OWNER_DECISION_REQUIRED","VIA","GOVERNANCE_POLICY","dedup_policy_required","2","Do not auto-fix. Choose one canonical owner/value before v0111.","HIGH_IF_AUTO_MERGED","false","true || duplicate_rows > 0","VDF_AkShare_KeyDedupGateReview_v0276.json; vdf_akshare_candidate_to_canonical_merge_gate_review_v0276.py"
"P0","P0_OWNER_DECISION_REQUIRED","VRN/VDF","SCHEMA_FIELD_CONTRACT","financialdata_fields","2","Do not auto-fix. Choose one canonical owner/value before v0111.","HIGH_IF_AUTO_MERGED","false","76 || [","VDF_VRN_SourceFallback_AllDataRegistry_v0100.json; VRN_IO_Summary_v0100 (1).json; VRN_IO_Summary_v0100 (2).html; VRN_IO_Summary_v0100.html; VRN_IO_Summary_v0100.json; VRN_S05_FieldRegistry_v0101.json"
"P0","P0_OWNER_DECISION_REQUIRED","VRN/VDF","SCHEMA_FIELD_CONTRACT","OUT_SCHEMA_CSV","2","Do not auto-fix. Choose one canonical owner/value before v0111.","HIGH_IF_AUTO_MERGED","false","OUT_SCHEMA_CSV = r""C:\Users\tonyk\OneDrive\VeritasIntelligenceAnalytics\module\VRN\output\_route_lock_runs\RUN_20260526_220104_VRN_V141A_READONLY_CONSUMER_LOADER\VRN_v141A_Consumer... || OUT_SCHEMA_CSV = r""C:\Users\tonyk\OneDrive\VeritasIntelligenceAnalytics\module\VRN\output\_staging\VRN_v140B3_BasicInfo_Consensus_Staging_20260526_182456\BasicInfo_Consensus_Schema...","VRN_MDL084_VRN_v141A_ReadOnly_Consumer_Loader__MODULE__v141A.py; VRN_MDL135_VRN_v140B3_CSV_CaseSafe_Auditor__GOVERNANCE__v140B3.py"
"P0","P0_OWNER_DECISION_REQUIRED","VDF","DATA_SOURCE_CONTRACT","fred_api_key_sources_checked","2","Do not auto-fix. Choose one canonical owner/value before v0111.","HIGH_IF_AUTO_MERGED","false","[ || fred_keys","vdf_fred_akshare_small_scope_gate_probe_result_v025.json; vdf_fred_akshare_small_scope_gate_probe_v025.py; vdf_three_deferred_flow_capability_probe_result_v024.json; vdf_three_deferred_flow_capability_probe_v024.py; vdf_fred_akshare_capability_seal_probe_result_v0241.json; vdf_fred_akshare_capability_seal_probe_v0241.py"
"P0","P0_OWNER_DECISION_REQUIRED","VDF","DATA_SOURCE_CONTRACT","fred_id","2","Do not auto-fix. Choose one canonical owner/value before v0111.","HIGH_IF_AUTO_MERGED","false","fred_id = meta.get(""fred_id"") || fred_id = meta.get(""fred_id"", """")","VDF_MDL003_SentimentMacroEngine.py; VDF_MDL201_GenerateFullRegistry.py"
"P0","P0_OWNER_DECISION_REQUIRED","VRN/VDF","SCHEMA_FIELD_CONTRACT","operating_income_wrong_unit_rows","2","Do not auto-fix. Choose one canonical owner/value before v0111.","HIGH_IF_AUTO_MERGED","false","0 || 28","VRN_MDL181_vrn_unit_consensus_ui_seal_v055__GOVERNANCE__v055.json; VRN_MDL182_vrn_final_display_unit_sanity_v054__MODULE__v054.json; VRN_MDL183_vrn_final_integrated_seal_v053__GOVERNANCE__v053.json; VRN_MDL184_vrn_final_integrated_seal_v053__GOVERNANCE__v053.json; VRN_MDL185_vrn_unit_precision_polish_v0521__MODULE__v0521.json; VRN_MDL186_vrn_unit_precision_polish_v0521__GOVERNANCE__v0521.json"
"P0","P0_OWNER_DECISION_REQUIRED","VRN/VDF","SCHEMA_FIELD_CONTRACT","output_schema","2","Do not auto-fix. Choose one canonical owner/value before v0111.","HIGH_IF_AUTO_MERGED","false","{ || OUTPUT_SCHEMA = [","UnifiedSpec.json; VDF_MDL005_TWStockFilter.py"
"P0","P0_OWNER_DECISION_REQUIRED","VRN/VDF","SCHEMA_FIELD_CONTRACT","output_unit","2","Do not auto-fix. Choose one canonical owner/value before v0111.","HIGH_IF_AUTO_MERGED","false","""million"",   # 全部輸出為百萬元 || ""million""","VRN_MDL007_APIDataFetcher.py; VRN_MDL008_CrossValidator.py"
"P0","P0_OWNER_DECISION_REQUIRED","VIA","GOVERNANCE_POLICY","coaxis_policy_registry","2","Do not auto-fix. Choose one canonical owner/value before v0111.","HIGH_IF_AUTO_MERGED","false","coaxis || [","vap_warehouse_v5_next3_builder.py; vap_warehouse_v5_next3_payload.json"
"P0","P0_OWNER_DECISION_REQUIRED","VRN/VDF","SCHEMA_FIELD_CONTRACT","old_unit","2","Do not auto-fix. Choose one canonical owner/value before v0111.","HIGH_IF_AUTO_MERGED","false","old_unit = str(r.get(""Unit"", """") or """") || old_unit = def_first(row, [""Unit""])","VRN_MDL049_v0569_canonical_english_system_seal_fix__GOVERNANCE__v0569.py; VRN_MDL258_vrn_financial_ssot_input_rebind_v0604__FINANCIALDATA__v0604.py"
"P0","P0_OWNER_DECISION_REQUIRED","VRN/VDF","SCHEMA_FIELD_CONTRACT","broker_protected_fields","2","Do not auto-fix. Choose one canonical owner/value before v0111.","HIGH_IF_AUTO_MERGED","false","[ || [""Rating"", ""Target Price"", ""Analyst"", ""Report Date""]","VRN_MDL061_vrn_name_short_financial_validation_v0606__FINANCIALDATA__v0606.json; VRN_MDL066_vrn_yfinance_yellow_resolver_v0587__DATA_SOURCE__v0587.json; VRN_MDL067_vrn_yfinance_yellow_resolver_v0587__DATA_SOURCE__v0587.json; VRN_MDL068_vrn_yfinance_yellow_resolver_v0587__DATA_SOURCE__v0587.json; VRN_MDL123_vrn_yfinance_field_audit_v0589__DATA_SOURCE__v0589.json; VRN_MDL163_vrn_panoramic_completion_verifier_v0586__MODULE__v0586.json; VRN_MDL257_vrn_name_short_financial_validation_v0606__FINANCIALDATA__v0606.py"
"P0","P0_OWNER_DECISION_REQUIRED","VDF","MARKET_TICKER_IDENTITY","YFINANCE_SEAL","2","Do not auto-fix. Choose one canonical owner/value before v0111.","HIGH_IF_AUTO_MERGED","false","$YFINANCE_SEAL = Join-Path $CONFIG_DIR ""VRN_YFinance_InfoReference_FinalSeal_v051.json"" || ""C:\\Users\\tonyk\\OneDrive\\VeritasIntelligenceAnalytics\\module\\VRN\\config\\VRN_YFinance_InfoReference_FinalSeal_v051.json""","VRN_MDL188_VRN-AllInOne__REPORT__v0_0.ps1; VRN_MDL189_run_vrn_boot_purge_temp_first__MODULE__v0_0.ps1; VRN_MDL190_run_vrn_boot_purge_temp_first__REPORT__v0_0.ps1; VRN_MDL191_VRN-AllInOne__MODULE__v0_0.ps1; VRN_MDL192_run_vrn_summary__REPORT__v0_0.ps1; VRN_MDL193_run_vrn__REPORT__v0_0.ps1; VRN_MDL194_run_vrn__MODULE__v0_0.ps1; VRN_MDL195_run_vrn_summary__MODULE__v0_0.ps1"
"P0","P0_OWNER_DECISION_REQUIRED","VDF","MARKET_TICKER_IDENTITY","yfinance_matrix_csv","2","Do not auto-fix. Choose one canonical owner/value before v0111.","HIGH_IF_AUTO_MERGED","false","""C:\\Users\\tonyk\\OneDrive\\VeritasIntelligenceAnalytics\\module\\VRN\\_vrn_operation_ui_runs\\VRN_YFINANCE_HEADER_CANONICAL_REFRESH_V06147_20260522_183321\\vrn_v06147_yfinance_re... || str(yf_csv)","VRN_MDL058_vrn_yfinance_header_canonical_refresh_v06147__DATA_SOURCE__v06147.json; VRN_MDL059_VRN_YFinance_Header_Canonical_Refresh_Manifest_v06147__DATA_SOURCE__v06147.json; VRN_MDL088_vrn_yfinance_header_canonical_refresh_v06147__DATA_SOURCE__v06147.py"
"P0","P0_OWNER_DECISION_REQUIRED","VDF","MARKET_TICKER_IDENTITY","YFINANCE_INFO_FIELDS","2","Do not auto-fix. Choose one canonical owner/value before v0111.","HIGH_IF_AUTO_MERGED","false","YFINANCE_INFO_FIELDS = [ || [","VIA_PythonAudit_v02861.csv; VRN_MDL088_vrn_yfinance_header_canonical_refresh_v06147__DATA_SOURCE__v06147.py"
"P0","P0_OWNER_DECISION_REQUIRED","VDF","MARKET_TICKER_IDENTITY","YFINANCE_AVAILABLE","2","Do not auto-fix. Choose one canonical owner/value before v0111.","HIGH_IF_AUTO_MERGED","false","YFINANCE_AVAILABLE = True || YFINANCE_AVAILABLE = False","VDF_MDL002_YFinanceFetchingEngine.py; VDF_MDL004_TWFullMarketEngine.py; VDF_MDL005_TWStockFilter.py; VDF_MDL006_FinancialModel.py; VDF_MDL007_SSOTResolver.py"
"P0","P0_OWNER_DECISION_REQUIRED","VDF","DATA_SOURCE_CONTRACT","fred_akshare_capability_seal","2","Do not auto-fix. Choose one canonical owner/value before v0111.","HIGH_IF_AUTO_MERGED","false","""C:\\Users\\tonyk\\Downloads\\VeritasIntelligenceAnalytics\\dict\\VDF\\_freeze\\VDF_FRED_AKSHARE_CAPABILITY_SEAL_v0241_20260610_124114\\seal\\VDF_FRED_AKSHARE_CAPABILITY_SEAL_v0241... || {","VDF_ACTIVE_POINTER_before_v02831_20260611_031152.json; VDF_ACTIVE_POINTER_before_v02832_20260611_031541.json; VDF_ACTIVE_POINTER_before_v0283_20260611_024903.json; VDF_ACTIVE_POINTER_before_v027841_20260611_013435.json; VDF_ACTIVE_POINTER_before_v02783_20260611_012926.json; VDF_ACTIVE_POINTER_before_v027842_20260611_013908.json; VDF_ACTIVE_POINTER_before_v0279_20260611_020210.json; VDF_ACTIVE_POINTER_before_v0280_20260611_020645.json"
"P0","P0_OWNER_DECISION_REQUIRED","VDF","GOVERNANCE_POLICY","_vdf_v02784_policy","2","Do not auto-fix. Choose one canonical owner/value before v0111.","HIGH_IF_AUTO_MERGED","false","""PRESERVED_VALID_ROW_NO_MUTATION"" || ""INVALID_QUARANTINE_REPAIR_PREVIEW_ONLY_NO_DB_WRITE""","VDF_AkShare_CollisionResolver_FinalValidRows_v027841.json; VDF_AkShare_DuplicateRepair_UniqueFinalRows_v027842.json; VDF_AkShare_v0279_ReadinessFinalRows.json; VDF_AkShare_InvalidRepair_CombinedCandidatePreview_v02784.json"
"P0","P0_OWNER_DECISION_REQUIRED","VDF","DATA_SOURCE_CONTRACT","FRED_API_KEY","2","Do not auto-fix. Choose one canonical owner/value before v0111.","HIGH_IF_AUTO_MERGED","false","""ENV:FRED_API_KEY"" || FRED_API_KEY = ""2d5ae8dfe834ffc409bf98d51f539c17""   # 使用者提供","VIS_CONFIG.json; VDF_MDL003_SentimentMacroEngine.py"
"P0","P0_OWNER_DECISION_REQUIRED","VDF","DATA_SOURCE_CONTRACT","fred_api_key_env","2","Do not auto-fix. Choose one canonical owner/value before v0111.","HIGH_IF_AUTO_MERGED","false","""FRED_API_KEY"" || {","VDF_MDL201_GenerateFullRegistry.py; VDF_MDL401_RegistrySchema.json; VDF_MDL402_RegistrySample.json; VDF_MDL403_RegistryFull.json"
"P0","P0_OWNER_DECISION_REQUIRED","VDF","GOVERNANCE_POLICY","_vdf_v027841_collision_policy","2","Do not auto-fix. Choose one canonical owner/value before v0111.","HIGH_IF_AUTO_MERGED","false","""keep"" || ""include_preview_only""","VDF_AkShare_CollisionResolver_FinalValidRows_v027841.json; VDF_AkShare_DuplicateRepair_UniqueFinalRows_v027842.json; VDF_AkShare_v0279_ReadinessFinalRows.json"
"P0","P0_OWNER_DECISION_REQUIRED","VDF","MARKET_TICKER_IDENTITY","has_ticker","2","Do not auto-fix. Choose one canonical owner/value before v0111.","HIGH_IF_AUTO_MERGED","false","has_ticker = has_any_key(row, [""ticker"", ""stock_code"", ""code""]) || has_ticker = def_is_tw_ticker(ticker)","VRN_MDL083_VRN_v141D6C_Source_Hygiene_NoHang__BRIDGE__v141D6C.py; VRN_MDL249_vrn_company_report_only_gate_v06130__REPORT__v06130.py"
"P0","P0_OWNER_DECISION_REQUIRED","VDF","DATA_SOURCE_CONTRACT","fred_api_key_value_not_printed","2","Do not auto-fix. Choose one canonical owner/value before v0111.","HIGH_IF_AUTO_MERGED","false","true || True","vdf_pending_triflow_env_probe_result_v0203.json; vdf_pending_triflow_env_probe_v0203.py"
"P0","P0_OWNER_DECISION_REQUIRED","VDF","DATA_SOURCE_CONTRACT","flow_f_fred_akshare_global","2","Do not auto-fix. Choose one canonical owner/value before v0111.","HIGH_IF_AUTO_MERGED","false","{ || FLOW_F_FRED_AKSHARE_GLOBAL = TRACKED_PENDING_AFTER_CONFIG","VDF_Top10_LocalFreeLibs_PendingTriFlow_v020.json; VDF_PendingTriFlow_SyncSeal_Report_v0201.html; VDF_PendingTriFlow_SyncSeal_Report_v0202.html"
"P0","P0_OWNER_DECISION_REQUIRED","VDF","MARKET_TICKER_IDENTITY","HasTicker","2","Do not auto-fix. Choose one canonical owner/value before v0111.","HIGH_IF_AUTO_MERGED","false","true || false","VRN_MDL205_VRN_NoSummarizer_CanonicalManifest_v02__MODULE__v02.json"
"P0","P0_OWNER_DECISION_REQUIRED","VRN/VDF","SCHEMA_FIELD_CONTRACT","history_fields","2","Do not auto-fix. Choose one canonical owner/value before v0111.","HIGH_IF_AUTO_MERGED","false","[ || [""Adj Close"", ""Volume""]","VRN_MDL058_vrn_yfinance_header_canonical_refresh_v06147__DATA_SOURCE__v06147.json; VRN_MDL059_VRN_YFinance_Header_Canonical_Refresh_Manifest_v06147__DATA_SOURCE__v06147.json; VRN_MDL088_vrn_yfinance_header_canonical_refresh_v06147__DATA_SOURCE__v06147.py"
"P0","P0_OWNER_DECISION_REQUIRED","VDF","MARKET_TICKER_IDENTITY","HasYFinance","2","Do not auto-fix. Choose one canonical owner/value before v0111.","HIGH_IF_AUTO_MERGED","false","true || false","VRN_MDL205_VRN_NoSummarizer_CanonicalManifest_v02__MODULE__v02.json"
"P0","P0_OWNER_DECISION_REQUIRED","VRN/VDF","SCHEMA_FIELD_CONTRACT","schema_ssot_json_count","2","Do not auto-fix. Choose one canonical owner/value before v0111.","HIGH_IF_AUTO_MERGED","false","55 || 57","VIA_SSOT_NexusCoreStatus_Runtime_v029SSOT1A.json"
"P0","P0_OWNER_DECISION_REQUIRED","VDF","MARKET_TICKER_IDENTITY","source_policy","2","Do not auto-fix. Choose one canonical owner/value before v0111.","HIGH_IF_AUTO_MERGED","false","""INPUT_RAW_REPORTS_ONLY_UNTIL_CURRENT_RUN_CANONICAL_EXPORT_EXISTS"" || ""broker_report_text_only_yfinance_never_overwrites_valuation_method""","VRN_MDL050_VRN_v141E2_FalseRedCrush_D8_SourceGate__MODULE__v141E2.json; VRN_MDL051_VRN_ProjectState_SSOT_v141E2__SUPPORT_RULE__v141E2.json; VRN_MDL260_vrn_valuation_dictionary_sourcebank_repair_v0595__MODULE__v0595.py"
"P0","P0_OWNER_DECISION_REQUIRED","VDF","MARKET_TICKER_IDENTITY","by_ticker","2","Do not auto-fix. Choose one canonical owner/value before v0111.","HIGH_IF_AUTO_MERGED","false","dict[str, dict] = { || by_ticker = defaultdict(list)","VRN_MDL227_vrn_business_validation_report_v061574__REPORT__v061574.py; VRN_MDL228_vrn_business_validation_report_v061574__REPORT__v061574.py; VRN_MDL229_vrn_business_validation_report_v061574__REPORT__v061574.py; VRN_MDL250_vrn_one_row_file_validation_matrix_v06129__GOVERNANCE__v06129.py"
"P0","P0_OWNER_DECISION_REQUIRED","VDF","DATA_SOURCE_CONTRACT","Macro","2","Do not auto-fix. Choose one canonical owner/value before v0111.","HIGH_IF_AUTO_MERGED","false","{ || [""fred"",""macro""]","VIS_CONFIG.json; via_dual_sixlane_worker_v029dual1b.py"
"P0","P0_OWNER_DECISION_REQUIRED","VDF","MARKET_TICKER_IDENTITY","ticker_regex_count","2","Do not auto-fix. Choose one canonical owner/value before v0111.","HIGH_IF_AUTO_MERGED","false","6 || len(ticker_regex)","VRN_UnifiedSSOTBuilder_PythonRuntime_v029SSOT1B.json; VRN_UnifiedSSOTBuilder_Runtime_v029SSOT1B.json; vrn_unified_ssot_builder_v029ssot1b.py"
"P0","P0_OWNER_DECISION_REQUIRED","VDF","MARKET_TICKER_IDENTITY","ticker_ok","2","Do not auto-fix. Choose one canonical owner/value before v0111.","HIGH_IF_AUTO_MERGED","false","ticker_ok = bool(def_get(nr, [""Ticker""])) || ticker_ok = any(r.get(""Ticker"") for r in filename_rows) if filename_rows else True","VRN_MDL254_vrn_financial_rescue_ssot_alias_v06126__FINANCIALDATA__v06126.py; VRN_MDL255_vrn_master_bridge_functional_smoke_test_v06122__GOVERNANCE__v06122.py"
"P0","P0_OWNER_DECISION_REQUIRED","VDF","DATA_SOURCE_CONTRACT","dryrun_policy","2","Do not auto-fix. Choose one canonical owner/value before v0111.","HIGH_IF_AUTO_MERGED","false","""FILELIST_CANONICALIZER_NO_DB_WRITE"" || ""NARROW_SOURCE_V0274_ONLY_NO_DB_WRITE""","VDF_AkShare_CollisionResolver_FinalValidRows_v027841.json; VDF_AkShare_DedupGate_DedupedValidRows_v02783.json; VDF_AkShare_DuplicateRepair_UniqueFinalRows_v027842.json; VDF_AkShare_v0279_ReadinessFinalRows.json; VDF_AkShare_InvalidRepair_CombinedCandidatePreview_v02784.json; vdf_akshare_narrow_source_contract_dryrun_hotfix_v027821.py; vdf_akshare_narrow_source_contract_dryrun_v02782.py; VDF_AkShare_NarrowSource_ContractDryRunPreview_Canonicalizer_v027822.json"
"P0","P0_OWNER_DECISION_REQUIRED","VDF","MARKET_TICKER_IDENTITY","ticker_main","2","Do not auto-fix. Choose one canonical owner/value before v0111.","HIGH_IF_AUTO_MERGED","false","ticker_main = None || ticker_main = rx","vrn_ssot_verifier_active_pointer_v029ssot1c.py"
"P0","P0_OWNER_DECISION_REQUIRED","VRN/VDF","SCHEMA_FIELD_CONTRACT","unit_ratio","2","Do not auto-fix. Choose one canonical owner/value before v0111.","HIGH_IF_AUTO_MERGED","false","6 || 11","VRN_MDL181_vrn_unit_consensus_ui_seal_v055__GOVERNANCE__v055.json; VRN_MDL182_vrn_final_display_unit_sanity_v054__MODULE__v054.json; VRN_MDL183_vrn_final_integrated_seal_v053__GOVERNANCE__v053.json; VRN_MDL184_vrn_final_integrated_seal_v053__GOVERNANCE__v053.json"
"P0","P0_OWNER_DECISION_REQUIRED","VRN/VDF","SCHEMA_FIELD_CONTRACT","detected_text_schema","2","Do not auto-fix. Choose one canonical owner/value before v0111.","HIGH_IF_AUTO_MERGED","false","[ || names,""resolved_key_col"":key_col,""resolved_page_col"":page_col,""resolved_text_col"":text_col","VRN_BrokerBackfill_PythonRuntime_v029VRN1C41.json; vrn_broker_backfill_v1c4.py"
"P0","P0_OWNER_DECISION_REQUIRED","VRN/VDF","SCHEMA_FIELD_CONTRACT","unit_band_orange","2","Do not auto-fix. Choose one canonical owner/value before v0111.","HIGH_IF_AUTO_MERGED","false","91 || 349","VRN_MDL183_vrn_final_integrated_seal_v053__GOVERNANCE__v053.json; VRN_MDL184_vrn_final_integrated_seal_v053__GOVERNANCE__v053.json; VRN_MDL185_vrn_unit_precision_polish_v0521__MODULE__v0521.json; VRN_MDL186_vrn_unit_precision_polish_v0521__GOVERNANCE__v0521.json"
"P0","P0_OWNER_DECISION_REQUIRED","VRN/VDF","SCHEMA_FIELD_CONTRACT","default_unit","2","Do not auto-fix. Choose one canonical owner/value before v0111.","HIGH_IF_AUTO_MERGED","false","""mn TWD"" || unit","VRN_S05_FieldRegistry_v0101.json; VRN_MDL098_vrn_financial_ssot_complete_trust_integration_v0608__FINANCIALDATA__v0608.py"
"P0","P0_OWNER_DECISION_REQUIRED","VRN/VDF","SCHEMA_FIELD_CONTRACT","schema_compare_csv","2","Do not auto-fix. Choose one canonical owner/value before v0111.","HIGH_IF_AUTO_MERGED","false","str(run_dir / ""vrn_post_commit_schema_compare_v0615721.csv"") || ""C:\\Users\\tonyk\\OneDrive\\VeritasIntelligenceAnalytics\\module\\VRN\\_vrn_operation_ui_runs\\VRN_POST_COMMIT_PRODUCTION_SEAL_V0615721_20260523_235836\\vrn_post_commit_schema_com...","VRN_MDL092_vrn_post_commit_production_seal_v0615721__GOVERNANCE__v0615721.py; VRN_MDL201_vrn_post_commit_production_seal_v0615721__GOVERNANCE__v0615721.json; VRN_MDL202_vrn_post_commit_production_seal_v0615721__GOVERNANCE__v0615721.json"
"P0","P0_OWNER_DECISION_REQUIRED","VRN/VDF","SCHEMA_FIELD_CONTRACT","schema_df","2","Do not auto-fix. Choose one canonical owner/value before v0111.","HIGH_IF_AUTO_MERGED","false","schema_df = def_build_schema_registry(asset_df) || schema_df = def_safe_table(con, ""schema_intelligence_registry"")","vap_warehouse_v4_builder.py; vap_warehouse_v5_next3_builder.py"
"P0","P0_OWNER_DECISION_REQUIRED","VRN/VDF","SCHEMA_FIELD_CONTRACT","schema_ok","2","Do not auto-fix. Choose one canonical owner/value before v0111.","HIGH_IF_AUTO_MERGED","false","schema_ok = post_counts.get(""Schema"") == ""PASS"" || schema_ok = all(r[""Severity""] == ""OK"" for r in schema_compare)","VRN_MDL015_vrn_final_production_lock_registry_v061573__SUPPORT_RULE__v061573.py; VRN_MDL092_vrn_post_commit_production_seal_v0615721__GOVERNANCE__v0615721.py"
"P0","P0_OWNER_DECISION_REQUIRED","VDF","DATA_SOURCE_CONTRACT","schema_gate_json","2","Do not auto-fix. Choose one canonical owner/value before v0111.","HIGH_IF_AUTO_MERGED","false","""C:\\Users\\tonyk\\Downloads\\VeritasIntelligenceAnalytics\\dict\\VDF\\_active\\VDF_AKSHARE_CANDIDATE_TO_CANONICAL_MERGE_GATE_REVIEW_v0276_20260610_215641\\registry\\VDF_AkShare_Sc... || schema_gate_json = Path(r""C:\\Users\\tonyk\\Downloads\\VeritasIntelligenceAnalytics\\dict\\VDF\\_active\\VDF_AKSHARE_CANDIDATE_TO_CANONICAL_MERGE_GATE_REVIEW_v0276_20260610_215641\...","VDF_AkShare_CandidateToCanonicalMergeGateReviewPlan_v0276.json; VDF_AkShare_CandidateToCanonicalMergeGateReview_Matrix_v0276.json; vdf_akshare_candidate_to_canonical_merge_gate_review_v0276.py"
"P0","P0_OWNER_DECISION_REQUIRED","VRN/VDF","SCHEMA_FIELD_CONTRACT","schema_layer","2","Do not auto-fix. Choose one canonical owner/value before v0111.","HIGH_IF_AUTO_MERGED","false","""BasicInfo"" || ""FinancialData""","VDF_VRN_SourceFallback_AllDataRegistry_v0100.json; VRN_IO_Summary_v0100 (1).json; VRN_IO_Summary_v0100 (2).html; VRN_IO_Summary_v0100.html; VRN_IO_Summary_v0100.json; VRN_S05_FieldRegistry_v0101.json"
"P0","P0_OWNER_DECISION_REQUIRED","VRN/VDF","SCHEMA_FIELD_CONTRACT","schema_strict","2","Do not auto-fix. Choose one canonical owner/value before v0111.","HIGH_IF_AUTO_MERGED","false","False,  # False = coerce, True = reject on fail || False","VRN_MDL004_OCR_FetchingPDFTable_v1.py; VRN_MDL005_OCRFetchingPDFText_v1.py"
"P0","P0_OWNER_DECISION_REQUIRED","VIA","GOVERNANCE_POLICY","ConsensusPolicy","2","Do not auto-fix. Choose one canonical owner/value before v0111.","HIGH_IF_AUTO_MERGED","false","{ || ""reference_only_not_truth""","VRN_MDL069_VRN_CANONICAL_ACTIVE_MANIFEST__MODULE__v0_0.json; VRN_MDL101_VRN_22File_DryRun_AIO__MODULE__v0_0.json"
"P0","P0_OWNER_DECISION_REQUIRED","VDF","MARKET_TICKER_IDENTITY","matched_yfinance_rows","2","Do not auto-fix. Choose one canonical owner/value before v0111.","HIGH_IF_AUTO_MERGED","false","3 || 1","VRN_MDL137_VRN_LocalConsensus_Expansion_v1_0_31__MODULE__v1_0.json; VRN_MDL138_VRN_BasicInfo_Coverage_Expansion_Audit_v1_0_30__BASICINFO__v1_0.json"
"P0","P0_OWNER_DECISION_REQUIRED","VDF","DATA_SOURCE_CONTRACT","primary_source_module","2","Do not auto-fix. Choose one canonical owner/value before v0111.","HIGH_IF_AUTO_MERGED","false","""M05_BasicInfoExtractor"" || ""Computed""","VDF_VRN_SourceFallback_AllDataRegistry_v0100.json; VRN_IO_Summary_v0100 (1).json; VRN_IO_Summary_v0100 (2).html; VRN_IO_Summary_v0100.html; VRN_IO_Summary_v0100.json"
"P0","P0_OWNER_DECISION_REQUIRED","VDF","MARKET_TICKER_IDENTITY","yf_tickers_to_fetch","2","Do not auto-fix. Choose one canonical owner/value before v0111.","HIGH_IF_AUTO_MERGED","false","yf_tickers_to_fetch = [] || yf_tickers_to_fetch = list(set(yf_tickers_to_fetch))","VDF_MDL007_SSOTResolver.py"
"P0","P0_OWNER_DECISION_REQUIRED","VDF","MARKET_TICKER_IDENTITY","yf_tickers","2","Do not auto-fix. Choose one canonical owner/value before v0111.","HIGH_IF_AUTO_MERGED","false","yf_tickers = self.df_quote[""yf_ticker""].tolist() || yf_tickers = self.df_universe[""yf_ticker""].tolist()","VDF_MDL004_TWFullMarketEngine.py; VDF_MDL006_FinancialModel.py"
"P0","P0_OWNER_DECISION_REQUIRED","VDF","MARKET_TICKER_IDENTITY","yf_ticker","2","Do not auto-fix. Choose one canonical owner/value before v0111.","HIGH_IF_AUTO_MERGED","false",""""" || yf_ticker","VRN_MDL273_VRN_v140H_ReadOnly_Production_Verify__MODULE__v140H.json; VRN_MDL274_SOURCE_VRN_v140G_Production_DuckDB_Commit_Final_Seal__BASICINFO__v140G.json; VRN_MDL275_VRN_v140G_Production_DuckDB_Commit_Final_Seal__GOVERNANCE__v140G.json; VRN_MDL276_VRN_v140D_Sandbox_DuckDB_Writer_Gate__MODULE__v140D.json; VDF_MDL004_TWFullMarketEngine.py; VDF_MDL005_TWStockFilter.py; VDF_MDL006_FinancialModel.py; VDF_MDL007_SSOTResolver.py"
"P0","P0_OWNER_DECISION_REQUIRED","VDF","MARKET_TICKER_IDENTITY","akshare_selector_symbols","2","Do not auto-fix. Choose one canonical owner/value before v0111.","HIGH_IF_AUTO_MERGED","false","[ || [""BDI"",""IRON_ORE"",""COKING_COAL""]","vdf_fred_akshare_small_scope_gate_probe_result_v025.json; vdf_fred_akshare_small_scope_gate_probe_v025.py"
"P0","P0_OWNER_DECISION_REQUIRED","VDF","DATA_SOURCE_CONTRACT","AKSHARE_AVAILABLE","2","Do not auto-fix. Choose one canonical owner/value before v0111.","HIGH_IF_AUTO_MERGED","false","AKSHARE_AVAILABLE = True || AKSHARE_AVAILABLE = False","VDF_MDL003_SentimentMacroEngine.py"
"P0","P0_OWNER_DECISION_REQUIRED","VRN/VDF","SCHEMA_FIELD_CONTRACT","basic_info_field_count","2","Do not auto-fix. Choose one canonical owner/value before v0111.","HIGH_IF_AUTO_MERGED","false","14 || len(basic_info_fields)","VRN_UnifiedSSOTBuilder_PythonRuntime_v029SSOT1B.json; vrn_unified_ssot_builder_v029ssot1b.py"
"P0","P0_OWNER_DECISION_REQUIRED","VRN/VDF","SCHEMA_FIELD_CONTRACT","fieldnames","2","Do not auto-fix. Choose one canonical owner/value before v0111.","HIGH_IF_AUTO_MERGED","false","fieldnames = [ || fieldnames=[","vdf_akshare_sample_call_gate_v0272.py; vdf_akshare_signature_doc_probe_v0271.py; vdf_akshare_candidate_seed_staging_v0274.py; vdf_akshare_small_scope_seed_plan_gate_hotfix_v02731.py; vdf_akshare_small_scope_seed_plan_gate_v0273.py; vrn_refined_firstpage_speed_benchmark.py; vrn_turbo_firstpage_parallel_benchmark.py"
"P0","P0_OWNER_DECISION_REQUIRED","VRN/VDF","SCHEMA_FIELD_CONTRACT","field_count","2","Do not auto-fix. Choose one canonical owner/value before v0111.","HIGH_IF_AUTO_MERGED","false","30 || 76","VDF_VRN_SourceFallback_AllDataRegistry_v0100.json"
"P0","P0_OWNER_DECISION_REQUIRED","VDF","MARKET_TICKER_IDENTITY","fred_small_scope_symbols","2","Do not auto-fix. Choose one canonical owner/value before v0111.","HIGH_IF_AUTO_MERGED","false","[ || [""GDP"",""CPIAUCSL"",""FEDFUNDS"",""DGS10"",""UNRATE""]","vdf_fred_akshare_small_scope_gate_probe_result_v025.json; vdf_fred_akshare_small_scope_gate_probe_v025.py"
"P0","P0_OWNER_DECISION_REQUIRED","VDF","MARKET_TICKER_IDENTITY","hist_by_ticker","2","Do not auto-fix. Choose one canonical owner/value before v0111.","HIGH_IF_AUTO_MERGED","false","hist_by_ticker = {} || hist_by_ticker = self.yf_history.fetch(yf_tickers)","VDF_MDL004_TWFullMarketEngine.py"
"P0","P0_OWNER_DECISION_REQUIRED","VRN/VDF","SCHEMA_FIELD_CONTRACT","JSONSCHEMA_OK","2","Do not auto-fix. Choose one canonical owner/value before v0111.","HIGH_IF_AUTO_MERGED","false","JSONSCHEMA_OK = True || JSONSCHEMA_OK = False","VDF_MDL104_RegistryLoader.py"
"P0","P0_OWNER_DECISION_REQUIRED","VRN/VDF","SCHEMA_FIELD_CONTRACT","schema_version","2","Do not auto-fix. Choose one canonical owner/value before v0111.","HIGH_IF_AUTO_MERGED","false","""1.0.0"" || ""V31""","SSOT_VIA_VisualDesignOps_20260617 (1).json; SSOT_VIA_VisualDesignOps_20260617.json; VRN_S05_FieldRegistry_v0101.json; VRN_S05_FieldRegistry_v0102.json"
"P0","P0_OWNER_DECISION_REQUIRED","VRN/VDF","SCHEMA_FIELD_CONTRACT","original_unit","2","Do not auto-fix. Choose one canonical owner/value before v0111.","HIGH_IF_AUTO_MERGED","false","""thousand_ntd"" || unit, ""confidence"": 0.90","VRN_MDL007_APIDataFetcher.py"
"P0","P0_OWNER_DECISION_REQUIRED","VDF","DATA_SOURCE_CONTRACT","schema_theme","2","Do not auto-fix. Choose one canonical owner/value before v0111.","HIGH_IF_AUTO_MERGED","false","schema_theme = FRED_THEME_MAP.get(raw_theme, ""Macro"") || schema_theme = AK_THEME_MAP.get(raw_theme, ""Custom"")","VDF_MDL201_GenerateFullRegistry.py"
"P0","P0_OWNER_DECISION_REQUIRED","VRN/VDF","SCHEMA_FIELD_CONTRACT","basicinfo_fields","2","Do not auto-fix. Choose one canonical owner/value before v0111.","HIGH_IF_AUTO_MERGED","false","30 || [","VDF_VRN_SourceFallback_AllDataRegistry_v0100.json; VRN_IO_Summary_v0100 (1).json; VRN_IO_Summary_v0100 (2).html; VRN_IO_Summary_v0100.html; VRN_IO_Summary_v0100.json; VRN_S05_FieldRegistry_v0101.json; VRN_S05_FieldRegistry_v0102.json"
"P0","P0_OWNER_DECISION_REQUIRED","VRN/VDF","SCHEMA_FIELD_CONTRACT","matrix_2_fields","2","Do not auto-fix. Choose one canonical owner/value before v0111.","HIGH_IF_AUTO_MERGED","false","106 || [","VDF_VRN_SourceFallback_AllDataRegistry_v0100.json; VRN_IO_Summary_v0100 (1).json; VRN_IO_Summary_v0100 (2).html; VRN_IO_Summary_v0100.html; VRN_IO_Summary_v0100.json"
"P0","P0_OWNER_DECISION_REQUIRED","VRN/VDF","SCHEMA_FIELD_CONTRACT","schema_tables","2","Do not auto-fix. Choose one canonical owner/value before v0111.","HIGH_IF_AUTO_MERGED","false","12 || [","VDF_PendingTriFlow_SyncSeal_Matrix_v0201.json; VDF_PENDING_TRIFLOW_SYNC_SEAL_v0201.json; VDF_PendingTriFlow_SyncSeal_Matrix_v0202.json; VDF_PENDING_TRIFLOW_SYNC_SEAL_v0202.json"
"P0","P0_OWNER_DECISION_REQUIRED","VRN/VDF","GOVERNANCE_POLICY","VRN_HISTORICAL_VALIDATION_POLICY","2","Do not auto-fix. Choose one canonical owner/value before v0111.","HIGH_IF_AUTO_MERGED","false","VRN_HISTORICAL_VALIDATION_POLICY = _VRN_HVP || VRN_HISTORICAL_VALIDATION_POLICY = None","VRN_MDL018_VRN_MDL_SummaryPipelineBridge_AIO_v01__CORE__v01.py"
"P0","P0_OWNER_DECISION_REQUIRED","VDF","DATA_SOURCE_CONTRACT","VDF_Global_Freight_AkShare_Candidate","2","Do not auto-fix. Choose one canonical owner/value before v0111.","HIGH_IF_AUTO_MERGED","false","1 || VDF_Global_Freight_AkShare_Candidate=1; VDF_Global_Commodity_AkShare_Candidate=3; VDF_Global_Macro_AkShare_Candidate=2","VDF_AkShare_SmallScopeSeedPlan_v02731.json; VDF_AkShare_SmallScopeSeedPlanGate_Hotfix_Report_v02731.html; vdf_akshare_small_scope_seed_plan_gate_hotfix_result_v02731.json; VDF_AkShare_SmallScopeSeedPlan_v0273.json; vdf_akshare_small_scope_seed_plan_gate_result_v0273.json"
"P0","P0_OWNER_DECISION_REQUIRED","VDF","DATA_SOURCE_CONTRACT","schema_map","2","Do not auto-fix. Choose one canonical owner/value before v0111.","HIGH_IF_AUTO_MERGED","false","""C:\\Users\\tonyk\\Downloads\\VeritasIntelligenceAnalytics\\dict\\VDF\\_active\\VDF_FRED_AKSHARE_SMALL_SCOPE_SEED_GATE_v025_20260610_125014\\registry\\VDF_FredAkshare_SmallScope_Sc... || ""C:\\Users\\tonyk\\Downloads\\VeritasIntelligenceAnalytics\\dict\\VDF\\_active\\VDF_FRED_AKSHARE_SMALL_SCOPE_SEED_GATE_v025_20260610_125256\\registry\\VDF_FredAkshare_SmallScope_Sc...","VDF_FredAkshare_SmallScopeSeed_GatePlan_v025.json; VDF_FredAkshare_SmallScopeSeedGate_Matrix_v025.json"
