"Time","Round","Stage","Flow","Layer","Name","Status","Risk","FixClass","Priority","Mode","Metric","Value","Message","Path"
"2026-06-09 23:12:57","Round1","PANORAMA","CORE","ACTIVE_POINTER","VDF_ACTIVE_POINTER.json","OK","LOW","PARALLEL_SAFE","P0","NO_FETCH","json_parse","ok","JSON parse OK.","C:\Users\tonyk\Downloads\VeritasIntelligenceAnalytics\dict\VDF\_active\VDF_ACTIVE_POINTER.json"
"2026-06-09 23:12:57","Round1","PANORAMA","ALLFLOW_MASTER","MASTER_POINTER","VDF_ALLFLOW_MASTER_POINTER.json","OK","LOW","PARALLEL_SAFE","P0","NO_FETCH","json_parse","ok","JSON parse OK.","C:\Users\tonyk\Downloads\VeritasIntelligenceAnalytics\dict\VDF\_active\VDF_ALLFLOW_MASTER_POINTER.json"
"2026-06-09 23:12:57","Round1","PANORAMA","CORE","CORE_TRIFLOW_POINTER","VDF_ACTIVE_TRIFLOW_POINTER.json","OK","LOW","PARALLEL_SAFE","P0","NO_FETCH","json_parse","ok","JSON parse OK.","C:\Users\tonyk\Downloads\VeritasIntelligenceAnalytics\dict\VDF\_active\VDF_ACTIVE_TRIFLOW_POINTER.json"
"2026-06-09 23:12:57","Round1","PANORAMA","PENDING","PENDING_TRIFLOW_POINTER","VDF_PENDING_TRIFLOW_POINTER.json","OK","LOW","PARALLEL_SAFE","P0","NO_FETCH","json_parse","ok","JSON parse OK.","C:\Users\tonyk\Downloads\VeritasIntelligenceAnalytics\dict\VDF\_active\VDF_PENDING_TRIFLOW_POINTER.json"
"2026-06-09 23:12:57","Round1","PANORAMA","REMAINING","REMAINING_MEGAFLOW_POINTER","VDF_REMAINING_MEGAFLOW_POINTER.json","OK","LOW","PARALLEL_SAFE","P0","NO_FETCH","json_parse","ok","JSON parse OK.","C:\Users\tonyk\Downloads\VeritasIntelligenceAnalytics\dict\VDF\_active\VDF_REMAINING_MEGAFLOW_POINTER.json"
"2026-06-09 23:12:57","Round1","PANORAMA","CORE","SSOT","VDF_Extraction_Params_SSOT.json","OK","LOW","PARALLEL_SAFE","P0","NO_FETCH","json_parse","ok","JSON parse OK.","C:\Users\tonyk\Downloads\VeritasIntelligenceAnalytics\dict\VDF\_ssot\VDF_Extraction_Params_SSOT.json"
"2026-06-09 23:12:57","Round1","PANORAMA","CORE","HEADER_REGISTRY","VDF_DataScope_HeaderRegistry_SSOT.json","OK","LOW","PARALLEL_SAFE","P0","NO_FETCH","json_parse","ok","JSON parse OK.","C:\Users\tonyk\Downloads\VeritasIntelligenceAnalytics\dict\VDF\_ssot\VDF_DataScope_HeaderRegistry_SSOT.json"
"2026-06-09 23:12:57","Round1","PANORAMA","CORE","SUPPORTIVE_MANIFEST","VDF_SupportiveTools_ImportManifest.json","OK","LOW","PARALLEL_SAFE","P0","NO_FETCH","json_parse","ok","JSON parse OK.","C:\Users\tonyk\Downloads\VeritasIntelligenceAnalytics\dict\VDF\_ssot\VDF_SupportiveTools_ImportManifest.json"
"2026-06-09 23:12:57","Round1","TEST_DEBUG","CORE","ACTIVE_ENTRY","Invoke-VDF.ps1","OK","LOW","PARALLEL_SAFE","P0","NO_FETCH","exists_sha256","DC72773B64F027CC8699199F3E315586AFB2BF0DEAF7D0B7B3430CF57A3A73FD","File exists.","C:\Users\tonyk\Downloads\VeritasIntelligenceAnalytics\functional modules\VDF\Invoke-VDF.ps1"
"2026-06-09 23:12:57","Round1","TEST_DEBUG","CORE","ACTIVE_ENTRY_AST","Invoke-VDF.ps1","OK","LOW","PARALLEL_SAFE","P0","NO_FETCH","ast_parse","ok","PowerShell AST parse OK.","C:\Users\tonyk\Downloads\VeritasIntelligenceAnalytics\functional modules\VDF\Invoke-VDF.ps1"
"2026-06-09 23:12:57","Round1","TEST_DEBUG","CORE","FETCH_ENTRY","Invoke-VDF-Fetch.ps1","OK","LOW","PARALLEL_SAFE","P0","NO_FETCH","exists_sha256","C625DA53435FBC27CDE102F634D8BC9BF4BD22DEA728E2B6499F0077305F7364","File exists.","C:\Users\tonyk\Downloads\VeritasIntelligenceAnalytics\functional modules\VDF\Invoke-VDF-Fetch.ps1"
"2026-06-09 23:12:57","Round1","TEST_DEBUG","CORE","FETCH_ENTRY_AST","Invoke-VDF-Fetch.ps1","OK","LOW","PARALLEL_SAFE","P0","NO_FETCH","ast_parse","ok","PowerShell AST parse OK.","C:\Users\tonyk\Downloads\VeritasIntelligenceAnalytics\functional modules\VDF\Invoke-VDF-Fetch.ps1"
"2026-06-09 23:12:57","Round2","FREEZE","ALLFLOW_MASTER","GATE","FREEZE_READY","OK_FREEZE_READY","LOW","PARALLEL_SAFE","P0","SEAL_ONLY","gate","ready","All-flow master pointer is frozen into freeze folder.",""
"2026-06-09 23:12:57","Round2","TEST_DEBUG","ALLFLOW_MASTER","GATE","TEST_DEBUG_READY","OK_TEST_DEBUG_READY","LOW","PARALLEL_SAFE","P0","NO_FETCH","gate","ready","AST/JSON/pointer/entry validation complete.",""
"2026-06-09 23:12:57","Round2","UPGRADE","ALLFLOW_MASTER","GATE","UPGRADE_PLAN_READY","OK_UPGRADE_PLAN_READY","MEDIUM","PARALLEL_SAFE","P1","PLAN_ONLY","gate","ready","Upgrade remains plan-only; no package mutation.",""
"2026-06-09 23:12:57","Round2","OPTIMIZE","ALLFLOW_MASTER","GATE","OPTIMIZE_GATE_READY","OK_OPTIMIZE_GATE_READY","LOW","PARALLEL_SAFE","P1","ANALYSIS_ONLY","gate","ready","Optimization priority: report correctness, queue clarity, memory-safe future fetch.",""
"2026-06-09 23:12:57","Round2","CONSOLIDATE","ALLFLOW_MASTER","GATE","CONSOLIDATE_READY","OK_CONSOLIDATE_READY","LOW","PARALLEL_SAFE","P0","SEAL_POINTERS","gate","ready","Master queue, master seal, active pointer, latest pointer consolidated.",""
"2026-06-09 23:12:57","Round2","USER_TEST","ALLFLOW_MASTER","GATE","USER_TEST_READY","OK_USER_TEST_READY","LOW","PARALLEL_SAFE","P1","HTML_REPORT","gate","ready","HTML matrix is the user-test artifact.",""
"2026-06-09 23:12:57","Round2","ACTIVATE_GATE","ALLFLOW_MASTER","GATE","ACTIVATE_GATE_READY","OK_ACTIVATE_GATE_READY","MEDIUM","PARALLEL_SAFE","P1","GATE_ONLY","gate","ready","Activation gate ready. No background task created.",""
"2026-06-09 23:12:57","Round3","PANORAMA","DATABASE_COVERAGE","TABLE_SCHEMA","VDF_TW_EquityUniverse","OK_SCHEMA_READY","LOW","PARALLEL_SAFE","P2","NO_FETCH","files","csv/json/parquet","Schema/output files exist.","C:\Users\tonyk\Downloads\VeritasIntelligenceAnalytics\dict\VDF\DATABASE\VDF_TW_EquityUniverse.csv"
"2026-06-09 23:12:57","Round3","PANORAMA","DATABASE_COVERAGE","TABLE_SCHEMA","VDF_TW_CompanyProfile","OK_SCHEMA_READY","LOW","PARALLEL_SAFE","P2","NO_FETCH","files","csv/json/parquet","Schema/output files exist.","C:\Users\tonyk\Downloads\VeritasIntelligenceAnalytics\dict\VDF\DATABASE\VDF_TW_CompanyProfile.csv"
"2026-06-09 23:12:57","Round3","PANORAMA","DATABASE_COVERAGE","TABLE_SCHEMA","VDF_TW_PriceDaily","OK_SCHEMA_READY","LOW","PARALLEL_SAFE","P2","NO_FETCH","files","csv/json/parquet","Schema/output files exist.","C:\Users\tonyk\Downloads\VeritasIntelligenceAnalytics\dict\VDF\DATABASE\VDF_TW_PriceDaily.csv"
"2026-06-09 23:12:57","Round3","PANORAMA","DATABASE_COVERAGE","TABLE_SCHEMA","VDF_TW_TradingStats","OK_SCHEMA_READY","LOW","PARALLEL_SAFE","P2","NO_FETCH","files","csv/json/parquet","Schema/output files exist.","C:\Users\tonyk\Downloads\VeritasIntelligenceAnalytics\dict\VDF\DATABASE\VDF_TW_TradingStats.csv"
"2026-06-09 23:12:57","Round3","PANORAMA","DATABASE_COVERAGE","TABLE_SCHEMA","VDF_TW_MonthlyRevenue","OK_SCHEMA_READY","LOW","PARALLEL_SAFE","P2","NO_FETCH","files","csv/json/parquet","Schema/output files exist.","C:\Users\tonyk\Downloads\VeritasIntelligenceAnalytics\dict\VDF\DATABASE\VDF_TW_MonthlyRevenue.csv"
"2026-06-09 23:12:57","Round3","PANORAMA","DATABASE_COVERAGE","TABLE_SCHEMA","VDF_TW_FinancialStatement","OK_SCHEMA_READY","LOW","PARALLEL_SAFE","P2","NO_FETCH","files","csv/json/parquet","Schema/output files exist.","C:\Users\tonyk\Downloads\VeritasIntelligenceAnalytics\dict\VDF\DATABASE\VDF_TW_FinancialStatement.csv"
"2026-06-09 23:12:57","Round3","PANORAMA","DATABASE_COVERAGE","TABLE_SCHEMA","VDF_TW_FinancialRatio","OK_SCHEMA_READY","LOW","PARALLEL_SAFE","P2","NO_FETCH","files","csv/json/parquet","Schema/output files exist.","C:\Users\tonyk\Downloads\VeritasIntelligenceAnalytics\dict\VDF\DATABASE\VDF_TW_FinancialRatio.csv"
"2026-06-09 23:12:57","Round3","PANORAMA","DATABASE_COVERAGE","TABLE_SCHEMA","VDF_TW_FlowChip","OK_SCHEMA_READY","LOW","PARALLEL_SAFE","P2","NO_FETCH","files","csv/json/parquet","Schema/output files exist.","C:\Users\tonyk\Downloads\VeritasIntelligenceAnalytics\dict\VDF\DATABASE\VDF_TW_FlowChip.csv"
"2026-06-09 23:12:57","Round3","PANORAMA","DATABASE_COVERAGE","TABLE_SCHEMA","VDF_TW_MarginShort","OK_SCHEMA_READY","LOW","PARALLEL_SAFE","P2","NO_FETCH","files","csv/json/parquet","Schema/output files exist.","C:\Users\tonyk\Downloads\VeritasIntelligenceAnalytics\dict\VDF\DATABASE\VDF_TW_MarginShort.csv"
"2026-06-09 23:12:57","Round3","PANORAMA","DATABASE_COVERAGE","TABLE_SCHEMA","VDF_TW_DividendAction","OK_SCHEMA_READY","LOW","PARALLEL_SAFE","P2","NO_FETCH","files","csv/json/parquet","Schema/output files exist.","C:\Users\tonyk\Downloads\VeritasIntelligenceAnalytics\dict\VDF\DATABASE\VDF_TW_DividendAction.csv"
"2026-06-09 23:12:57","Round3","PANORAMA","DATABASE_COVERAGE","TABLE_SCHEMA","VDF_TW_CapitalAction","OK_SCHEMA_READY","LOW","PARALLEL_SAFE","P2","NO_FETCH","files","csv/json/parquet","Schema/output files exist.","C:\Users\tonyk\Downloads\VeritasIntelligenceAnalytics\dict\VDF\DATABASE\VDF_TW_CapitalAction.csv"
"2026-06-09 23:12:57","Round3","PANORAMA","DATABASE_COVERAGE","TABLE_SCHEMA","VDF_TW_IndexDaily","OK_SCHEMA_READY","LOW","PARALLEL_SAFE","P2","NO_FETCH","files","csv/json/parquet","Schema/output files exist.","C:\Users\tonyk\Downloads\VeritasIntelligenceAnalytics\dict\VDF\DATABASE\VDF_TW_IndexDaily.csv"
"2026-06-09 23:12:57","Round3","PANORAMA","DATABASE_COVERAGE","TABLE_SCHEMA","VDF_TW_ETFProfile","OK_SCHEMA_READY","LOW","PARALLEL_SAFE","P2","NO_FETCH","files","csv/json/parquet","Schema/output files exist.","C:\Users\tonyk\Downloads\VeritasIntelligenceAnalytics\dict\VDF\DATABASE\VDF_TW_ETFProfile.csv"
"2026-06-09 23:12:57","Round3","PANORAMA","DATABASE_COVERAGE","TABLE_SCHEMA","VDF_TW_ETFHoldings","OK_SCHEMA_READY","LOW","PARALLEL_SAFE","P2","NO_FETCH","files","csv/json/parquet","Schema/output files exist.","C:\Users\tonyk\Downloads\VeritasIntelligenceAnalytics\dict\VDF\DATABASE\VDF_TW_ETFHoldings.csv"
"2026-06-09 23:12:57","Round3","PANORAMA","DATABASE_COVERAGE","TABLE_SCHEMA","VDF_TW_ThemeMapping","OK_SCHEMA_READY","LOW","PARALLEL_SAFE","P2","NO_FETCH","files","csv/json/parquet","Schema/output files exist.","C:\Users\tonyk\Downloads\VeritasIntelligenceAnalytics\dict\VDF\DATABASE\VDF_TW_ThemeMapping.csv"
"2026-06-09 23:12:57","Round3","PANORAMA","DATABASE_COVERAGE","TABLE_SCHEMA","VDF_Global_Macro","OK_SCHEMA_READY","LOW","PARALLEL_SAFE","P2","NO_FETCH","files","csv/json/parquet","Schema/output files exist.","C:\Users\tonyk\Downloads\VeritasIntelligenceAnalytics\dict\VDF\DATABASE\VDF_Global_Macro.csv"
"2026-06-09 23:12:57","Round3","PANORAMA","DATABASE_COVERAGE","TABLE_SCHEMA","VDF_Global_Commodity","OK_SCHEMA_READY","LOW","PARALLEL_SAFE","P2","NO_FETCH","files","csv/json/parquet","Schema/output files exist.","C:\Users\tonyk\Downloads\VeritasIntelligenceAnalytics\dict\VDF\DATABASE\VDF_Global_Commodity.csv"
"2026-06-09 23:12:57","Round3","PANORAMA","DATABASE_COVERAGE","TABLE_SCHEMA","VDF_Global_Freight","OK_SCHEMA_READY","LOW","PARALLEL_SAFE","P2","NO_FETCH","files","csv/json/parquet","Schema/output files exist.","C:\Users\tonyk\Downloads\VeritasIntelligenceAnalytics\dict\VDF\DATABASE\VDF_Global_Freight.csv"
"2026-06-09 23:12:57","Round3","PANORAMA","DATABASE_COVERAGE","TABLE_SCHEMA","VDF_Global_FXRate","OK_SCHEMA_READY","LOW","PARALLEL_SAFE","P2","NO_FETCH","files","csv/json/parquet","Schema/output files exist.","C:\Users\tonyk\Downloads\VeritasIntelligenceAnalytics\dict\VDF\DATABASE\VDF_Global_FXRate.csv"
"2026-06-09 23:12:57","Round3","PANORAMA","DATABASE_COVERAGE","TABLE_SCHEMA","VDF_RiskEventCalendar","OK_SCHEMA_READY","LOW","PARALLEL_SAFE","P2","NO_FETCH","files","csv/json/parquet","Schema/output files exist.","C:\Users\tonyk\Downloads\VeritasIntelligenceAnalytics\dict\VDF\DATABASE\VDF_RiskEventCalendar.csv"
"2026-06-09 23:12:57","Round3","PANORAMA","DATABASE_COVERAGE","DUCKDB","VDF_ACTIVE_SCHEMA.duckdb","OK","LOW","PARALLEL_SAFE","P0","NO_FETCH","exists_sha256","8A2206DDFA2A6FADEF214A9A23B2BC864DC8070C9EBB084B29E941BFB8B2A335","File exists.","C:\Users\tonyk\Downloads\VeritasIntelligenceAnalytics\dict\VDF\DATABASE\VDF_ACTIVE_SCHEMA.duckdb"
"2026-06-09 23:12:57","Round4","CONSOLIDATE","ALLFLOW_MASTER","LOCAL_FREE_LIBS","VDF_Top10_LocalFreeLibs_AllFlowFreezeActivate_v0206.json","OK","LOW","PARALLEL_SAFE","P0","NO_FETCH","json_parse","ok","JSON parse OK.","C:\Users\tonyk\Downloads\VeritasIntelligenceAnalytics\dict\VDF\_freeze\VDF_ALLFLOW_MASTER_FREEZE_ACTIVATE_v0206_20260609_231257\registry\VDF_Top10_LocalFreeLibs_AllFlowFreezeActivate_v0206.json"
"2026-06-09 23:12:57","Round4","CONSOLIDATE","ALLFLOW_MASTER","FREEZE_SEAL_JSON","VDF_ALLFLOW_MASTER_FREEZE_ACTIVATE_SEAL_v0206.json","OK","LOW","PARALLEL_SAFE","P0","NO_FETCH","json_parse","ok","JSON parse OK.","C:\Users\tonyk\Downloads\VeritasIntelligenceAnalytics\dict\VDF\_freeze\VDF_ALLFLOW_MASTER_FREEZE_ACTIVATE_v0206_20260609_231257\seal\VDF_ALLFLOW_MASTER_FREEZE_ACTIVATE_SEAL_v0206.json"
"2026-06-09 23:12:57","Round4","CONSOLIDATE","ALLFLOW_MASTER","LATEST_FREEZE_POINTER","VDF_LATEST_ALLFLOW_MASTER_FREEZE_POINTER.json","OK","LOW","PARALLEL_SAFE","P0","NO_FETCH","json_parse","ok","JSON parse OK.","C:\Users\tonyk\Downloads\VeritasIntelligenceAnalytics\dict\VDF\_freeze\VDF_LATEST_ALLFLOW_MASTER_FREEZE_POINTER.json"
"2026-06-09 23:12:57","Round4","CONSOLIDATE","ALLFLOW_MASTER","ACTIVE_POINTER_UPDATE","VDF_ACTIVE_POINTER.json","OK","LOW","PARALLEL_SAFE","P0","NO_FETCH","update","complete","Active pointer updated with v020.6 all-flow freeze/activate gate.","C:\Users\tonyk\Downloads\VeritasIntelligenceAnalytics\dict\VDF\_active\VDF_ACTIVE_POINTER.json"
