"Time","Round","Layer","Name","Status","Risk","Action","Metric","Value","Message","Path","Sha256"
"2026-06-09 03:53:00","Round0","UNIFIED_INPUT_SSOT","VIA_UnifiedInput_SSOT.json","OK","LOW","READY","load","ok","Unified input SSOT loaded.","C:\Users\tonyk\Downloads\VeritasIntelligenceAnalytics\VIA_UnifiedInput_SSOT.json","af00671291fc9037eb95115e313b91c594060d09f64ef6535329a7c996ff434e"
"2026-06-09 03:53:00","Round0","FROZEN_GATEWAY","Invoke-VIA-UnifiedInputGateway.ps1","OK","LOW","READY","exists_non_empty","2374","File exists and is non-empty.","C:\Users\tonyk\Downloads\VeritasIntelligenceAnalytics\_freeze\VIA_UNIFIED_INPUT_SSOT_FREEZE_GATEWAY_20260609_034130\gateway\Invoke-VIA-UnifiedInputGateway.ps1","cb3df8962433048a1089fd1a0c025519a46ff9d4248182fe9a0069125e11df88"
"2026-06-09 03:53:00","Round0","PRIOR_GATEWAY_LOG","Gateway_Status_stdout.txt","WARN","MEDIUM","OPTIONAL_REVIEW","missing","not_found","Prior stdout log not found. Continue with wrapper test.","C:\Users\tonyk\Downloads\VeritasIntelligenceAnalytics\_freeze\VIA_UNIFIED_INPUT_SSOT_FREEZE_GATEWAY_20260609_034130\logs\Gateway_Status_stdout.txt",""
"2026-06-09 03:53:00","Round0","PRIOR_GATEWAY_LOG","Gateway_Status_stderr.txt","WARN","MEDIUM","OPTIONAL_REVIEW","missing","not_found","Prior stderr log not found. Continue with wrapper test.","C:\Users\tonyk\Downloads\VeritasIntelligenceAnalytics\_freeze\VIA_UNIFIED_INPUT_SSOT_FREEZE_GATEWAY_20260609_034130\logs\Gateway_Status_stderr.txt",""
"2026-06-09 03:53:00","Round1","HARDENED_GATEWAY","Invoke-VIA-ActivationGateway-Hardened.ps1","OK","LOW","ADD_ONLY_WRITE","write","complete","Hardened gateway wrapper written.","C:\Users\tonyk\Downloads\VeritasIntelligenceAnalytics\_activation\VIA_ACTIVATION_GATEWAY_V02_GATEWAY_HOTFIX_20260609_035258\gateway\Invoke-VIA-ActivationGateway-Hardened.ps1","b3caaf1bf049434f6552fec4f4f6289b7e70c1a4a0f1cdfdb4386149c6767e8f"
"2026-06-09 03:53:00","Round1","HARDENED_GATEWAY_AST","Invoke-VIA-ActivationGateway-Hardened.ps1","FAIL","HIGH","REVIEW_REQUIRED","ast_parse","1","PowerShell AST parse errors found.","C:\Users\tonyk\Downloads\VeritasIntelligenceAnalytics\_activation\VIA_ACTIVATION_GATEWAY_V02_GATEWAY_HOTFIX_20260609_035258\gateway\Invoke-VIA-ActivationGateway-Hardened.ps1","b3caaf1bf049434f6552fec4f4f6289b7e70c1a4a0f1cdfdb4386149c6767e8f"
"2026-06-09 03:53:01","Round2","HARDENED_GATEWAY_STATUS","Gateway status","FAIL","HIGH","REVIEW_REQUIRED","exit_code","1","Hardened gateway returned non-ready. Review stdout/stderr.","C:\Users\tonyk\Downloads\VeritasIntelligenceAnalytics\_activation\VIA_ACTIVATION_GATEWAY_V02_GATEWAY_HOTFIX_20260609_035258\gateway\Invoke-VIA-ActivationGateway-Hardened.ps1","b3caaf1bf049434f6552fec4f4f6289b7e70c1a4a0f1cdfdb4386149c6767e8f"
"2026-06-09 03:53:01","Round2","HARDENED_GATEWAY_STDERR","stderr","WARN","MEDIUM","OPTIONAL_REVIEW","stderr_length","853","stderr has content.","C:\Users\tonyk\Downloads\VeritasIntelligenceAnalytics\_activation\VIA_ACTIVATION_GATEWAY_V02_GATEWAY_HOTFIX_20260609_035258\logs\HardenedGateway_stderr.txt","f50397826ddbcf78af4ca06fec84e19298c57120543c9aac65d212ced4b5bbe2"
"2026-06-09 03:53:01","Round3","CORE_STILL_READY","Invoke-VeritasNexusCore.ps1 def_SafeString","FAIL","HIGH","REVIEW_REQUIRED","missing","required","Required file missing.","C:\Users\tonyk\Downloads\VeritasIntelligenceAnalytics\supportive modules\Invoke-VeritasNexusCore.ps1 def_SafeString",""
