family,symbol,raw_symbol,date,value,source,source_file,source_file_name,row_no,symbol_col,date_col,value_col,source_col,canonical_key,is_valid,invalid_reasons,record_hash,dryrun_policy,_vdf_v02784_policy,_vdf_v02784_repair_status,_vdf_v027841_source_partition,_vdf_v027841_collision_policy,_vdf_v02784_repair_actions,_vdf_v02784_repair_hash,_vdf_v027841_collision_reason,_vdf_v027842_original_order,_vdf_v027842_keep_priority,_vdf_v027842_is_duplicate_group,_vdf_v027842_rank_in_key,_vdf_v027842_duplicate_policy,_vdf_v0279_readiness_policy,_vdf_v0279_source_stage
VDF_Global_Commodity,futures_foreign_commodity_subscribe_exchange_symbol::COMMODITY_FUTURES::证券代码,COMMODITY_FUTURES,2026-06-10,2026.0,futures_foreign_commodity_subscribe_exchange_symbol,C:\Users\tonyk\Downloads\VeritasIntelligenceAnalytics\dict\VDF\_active\VDF_AKSHARE_SMALL_SCOPE_CANDIDATE_SEED_STAGING_v0274_20260610_145643\staging\VDF_Global_Commodity_AkShare_Candidate_v0274.csv,VDF_Global_Commodity_AkShare_Candidate_v0274.csv,121,vdf_symbol_hint,时间,证券代码,vdf_source_function,VDF_Global_Commodity|futures_foreign_commodity_subscribe_exchange_symbol::COMMODITY_FUTURES::证券代码|2026-06-10|futures_foreign_commodity_subscribe_exchange_symbol,True,,04768c965fbe9c91,FILELIST_CANONICALIZER_NO_DB_WRITE,INVALID_QUARANTINE_REPAIR_PREVIEW_ONLY_NO_DB_WRITE,repaired,repaired_non_collision,include_preview_only,value_from_scan_canonical_key,009fc55c1f7559fd,,121,50,True,1,keep_authoritative_first_per_canonical_key,REVIEW_ONLY_NO_DB_WRITE_NO_CANONICAL_MERGE,v027842_unique_final
VDF_Global_Commodity,stock_hk_hot_rank_detail_em::STEEL::证券代码,STEEL,2026-02-11,700.0,stock_hk_hot_rank_detail_em,C:\Users\tonyk\Downloads\VeritasIntelligenceAnalytics\dict\VDF\_active\VDF_AKSHARE_SMALL_SCOPE_CANDIDATE_SEED_STAGING_v0274_20260610_145643\staging\VDF_Global_Commodity_AkShare_Candidate_v0274.csv,VDF_Global_Commodity_AkShare_Candidate_v0274.csv,1,vdf_symbol_hint,时间,证券代码,vdf_source_function,VDF_Global_Commodity|stock_hk_hot_rank_detail_em::STEEL::证券代码|2026-02-11|stock_hk_hot_rank_detail_em,True,,2b03fa7dad40ee22,FILELIST_CANONICALIZER_NO_DB_WRITE,PRESERVED_VALID_ROW_NO_MUTATION,preserved_valid,preserved_valid_authoritative,keep,,,,1,100,False,1,keep_authoritative_first_per_canonical_key,REVIEW_ONLY_NO_DB_WRITE_NO_CANONICAL_MERGE,v027842_unique_final
VDF_Global_Commodity,stock_hk_hot_rank_detail_em::STEEL::证券代码,STEEL,2026-02-12,700.0,stock_hk_hot_rank_detail_em,C:\Users\tonyk\Downloads\VeritasIntelligenceAnalytics\dict\VDF\_active\VDF_AKSHARE_SMALL_SCOPE_CANDIDATE_SEED_STAGING_v0274_20260610_145643\staging\VDF_Global_Commodity_AkShare_Candidate_v0274.csv,VDF_Global_Commodity_AkShare_Candidate_v0274.csv,2,vdf_symbol_hint,时间,证券代码,vdf_source_function,VDF_Global_Commodity|stock_hk_hot_rank_detail_em::STEEL::证券代码|2026-02-12|stock_hk_hot_rank_detail_em,True,,191eab8ab0d21366,FILELIST_CANONICALIZER_NO_DB_WRITE,PRESERVED_VALID_ROW_NO_MUTATION,preserved_valid,preserved_valid_authoritative,keep,,,,2,100,False,1,keep_authoritative_first_per_canonical_key,REVIEW_ONLY_NO_DB_WRITE_NO_CANONICAL_MERGE,v027842_unique_final
VDF_Global_Commodity,stock_hk_hot_rank_detail_em::STEEL::证券代码,STEEL,2026-02-13,700.0,stock_hk_hot_rank_detail_em,C:\Users\tonyk\Downloads\VeritasIntelligenceAnalytics\dict\VDF\_active\VDF_AKSHARE_SMALL_SCOPE_CANDIDATE_SEED_STAGING_v0274_20260610_145643\staging\VDF_Global_Commodity_AkShare_Candidate_v0274.csv,VDF_Global_Commodity_AkShare_Candidate_v0274.csv,3,vdf_symbol_hint,时间,证券代码,vdf_source_function,VDF_Global_Commodity|stock_hk_hot_rank_detail_em::STEEL::证券代码|2026-02-13|stock_hk_hot_rank_detail_em,True,,e620cef31d75b92d,FILELIST_CANONICALIZER_NO_DB_WRITE,PRESERVED_VALID_ROW_NO_MUTATION,preserved_valid,preserved_valid_authoritative,keep,,,,3,100,False,1,keep_authoritative_first_per_canonical_key,REVIEW_ONLY_NO_DB_WRITE_NO_CANONICAL_MERGE,v027842_unique_final
VDF_Global_Commodity,stock_hk_hot_rank_detail_em::STEEL::证券代码,STEEL,2026-02-14,700.0,stock_hk_hot_rank_detail_em,C:\Users\tonyk\Downloads\VeritasIntelligenceAnalytics\dict\VDF\_active\VDF_AKSHARE_SMALL_SCOPE_CANDIDATE_SEED_STAGING_v0274_20260610_145643\staging\VDF_Global_Commodity_AkShare_Candidate_v0274.csv,VDF_Global_Commodity_AkShare_Candidate_v0274.csv,4,vdf_symbol_hint,时间,证券代码,vdf_source_function,VDF_Global_Commodity|stock_hk_hot_rank_detail_em::STEEL::证券代码|2026-02-14|stock_hk_hot_rank_detail_em,True,,8034bb4002971fba,FILELIST_CANONICALIZER_NO_DB_WRITE,PRESERVED_VALID_ROW_NO_MUTATION,preserved_valid,preserved_valid_authoritative,keep,,,,4,100,False,1,keep_authoritative_first_per_canonical_key,REVIEW_ONLY_NO_DB_WRITE_NO_CANONICAL_MERGE,v027842_unique_final
VDF_Global_Commodity,stock_hk_hot_rank_detail_em::STEEL::证券代码,STEEL,2026-02-15,700.0,stock_hk_hot_rank_detail_em,C:\Users\tonyk\Downloads\VeritasIntelligenceAnalytics\dict\VDF\_active\VDF_AKSHARE_SMALL_SCOPE_CANDIDATE_SEED_STAGING_v0274_20260610_145643\staging\VDF_Global_Commodity_AkShare_Candidate_v0274.csv,VDF_Global_Commodity_AkShare_Candidate_v0274.csv,5,vdf_symbol_hint,时间,证券代码,vdf_source_function,VDF_Global_Commodity|stock_hk_hot_rank_detail_em::STEEL::证券代码|2026-02-15|stock_hk_hot_rank_detail_em,True,,8f6218982026a6cb,FILELIST_CANONICALIZER_NO_DB_WRITE,PRESERVED_VALID_ROW_NO_MUTATION,preserved_valid,preserved_valid_authoritative,keep,,,,5,100,False,1,keep_authoritative_first_per_canonical_key,REVIEW_ONLY_NO_DB_WRITE_NO_CANONICAL_MERGE,v027842_unique_final
VDF_Global_Commodity,stock_hk_hot_rank_detail_em::STEEL::证券代码,STEEL,2026-02-16,700.0,stock_hk_hot_rank_detail_em,C:\Users\tonyk\Downloads\VeritasIntelligenceAnalytics\dict\VDF\_active\VDF_AKSHARE_SMALL_SCOPE_CANDIDATE_SEED_STAGING_v0274_20260610_145643\staging\VDF_Global_Commodity_AkShare_Candidate_v0274.csv,VDF_Global_Commodity_AkShare_Candidate_v0274.csv,6,vdf_symbol_hint,时间,证券代码,vdf_source_function,VDF_Global_Commodity|stock_hk_hot_rank_detail_em::STEEL::证券代码|2026-02-16|stock_hk_hot_rank_detail_em,True,,a1e31d507f004ca9,FILELIST_CANONICALIZER_NO_DB_WRITE,PRESERVED_VALID_ROW_NO_MUTATION,preserved_valid,preserved_valid_authoritative,keep,,,,6,100,False,1,keep_authoritative_first_per_canonical_key,REVIEW_ONLY_NO_DB_WRITE_NO_CANONICAL_MERGE,v027842_unique_final
VDF_Global_Commodity,stock_hk_hot_rank_detail_em::STEEL::证券代码,STEEL,2026-02-17,700.0,stock_hk_hot_rank_detail_em,C:\Users\tonyk\Downloads\VeritasIntelligenceAnalytics\dict\VDF\_active\VDF_AKSHARE_SMALL_SCOPE_CANDIDATE_SEED_STAGING_v0274_20260610_145643\staging\VDF_Global_Commodity_AkShare_Candidate_v0274.csv,VDF_Global_Commodity_AkShare_Candidate_v0274.csv,7,vdf_symbol_hint,时间,证券代码,vdf_source_function,VDF_Global_Commodity|stock_hk_hot_rank_detail_em::STEEL::证券代码|2026-02-17|stock_hk_hot_rank_detail_em,True,,139d00532218c0b9,FILELIST_CANONICALIZER_NO_DB_WRITE,PRESERVED_VALID_ROW_NO_MUTATION,preserved_valid,preserved_valid_authoritative,keep,,,,7,100,False,1,keep_authoritative_first_per_canonical_key,REVIEW_ONLY_NO_DB_WRITE_NO_CANONICAL_MERGE,v027842_unique_final
VDF_Global_Commodity,stock_hk_hot_rank_detail_em::STEEL::证券代码,STEEL,2026-02-18,700.0,stock_hk_hot_rank_detail_em,C:\Users\tonyk\Downloads\VeritasIntelligenceAnalytics\dict\VDF\_active\VDF_AKSHARE_SMALL_SCOPE_CANDIDATE_SEED_STAGING_v0274_20260610_145643\staging\VDF_Global_Commodity_AkShare_Candidate_v0274.csv,VDF_Global_Commodity_AkShare_Candidate_v0274.csv,8,vdf_symbol_hint,时间,证券代码,vdf_source_function,VDF_Global_Commodity|stock_hk_hot_rank_detail_em::STEEL::证券代码|2026-02-18|stock_hk_hot_rank_detail_em,True,,85044e89ff650144,FILELIST_CANONICALIZER_NO_DB_WRITE,PRESERVED_VALID_ROW_NO_MUTATION,preserved_valid,preserved_valid_authoritative,keep,,,,8,100,False,1,keep_authoritative_first_per_canonical_key,REVIEW_ONLY_NO_DB_WRITE_NO_CANONICAL_MERGE,v027842_unique_final
VDF_Global_Commodity,stock_hk_hot_rank_detail_em::STEEL::证券代码,STEEL,2026-02-19,700.0,stock_hk_hot_rank_detail_em,C:\Users\tonyk\Downloads\VeritasIntelligenceAnalytics\dict\VDF\_active\VDF_AKSHARE_SMALL_SCOPE_CANDIDATE_SEED_STAGING_v0274_20260610_145643\staging\VDF_Global_Commodity_AkShare_Candidate_v0274.csv,VDF_Global_Commodity_AkShare_Candidate_v0274.csv,9,vdf_symbol_hint,时间,证券代码,vdf_source_function,VDF_Global_Commodity|stock_hk_hot_rank_detail_em::STEEL::证券代码|2026-02-19|stock_hk_hot_rank_detail_em,True,,92a9492b8b90fe97,FILELIST_CANONICALIZER_NO_DB_WRITE,PRESERVED_VALID_ROW_NO_MUTATION,preserved_valid,preserved_valid_authoritative,keep,,,,9,100,False,1,keep_authoritative_first_per_canonical_key,REVIEW_ONLY_NO_DB_WRITE_NO_CANONICAL_MERGE,v027842_unique_final
VDF_Global_Commodity,stock_hk_hot_rank_detail_em::STEEL::证券代码,STEEL,2026-02-20,700.0,stock_hk_hot_rank_detail_em,C:\Users\tonyk\Downloads\VeritasIntelligenceAnalytics\dict\VDF\_active\VDF_AKSHARE_SMALL_SCOPE_CANDIDATE_SEED_STAGING_v0274_20260610_145643\staging\VDF_Global_Commodity_AkShare_Candidate_v0274.csv,VDF_Global_Commodity_AkShare_Candidate_v0274.csv,10,vdf_symbol_hint,时间,证券代码,vdf_source_function,VDF_Global_Commodity|stock_hk_hot_rank_detail_em::STEEL::证券代码|2026-02-20|stock_hk_hot_rank_detail_em,True,,160331f44c0969f4,FILELIST_CANONICALIZER_NO_DB_WRITE,PRESERVED_VALID_ROW_NO_MUTATION,preserved_valid,preserved_valid_authoritative,keep,,,,10,100,False,1,keep_authoritative_first_per_canonical_key,REVIEW_ONLY_NO_DB_WRITE_NO_CANONICAL_MERGE,v027842_unique_final
VDF_Global_Commodity,stock_hk_hot_rank_detail_em::STEEL::证券代码,STEEL,2026-02-21,700.0,stock_hk_hot_rank_detail_em,C:\Users\tonyk\Downloads\VeritasIntelligenceAnalytics\dict\VDF\_active\VDF_AKSHARE_SMALL_SCOPE_CANDIDATE_SEED_STAGING_v0274_20260610_145643\staging\VDF_Global_Commodity_AkShare_Candidate_v0274.csv,VDF_Global_Commodity_AkShare_Candidate_v0274.csv,11,vdf_symbol_hint,时间,证券代码,vdf_source_function,VDF_Global_Commodity|stock_hk_hot_rank_detail_em::STEEL::证券代码|2026-02-21|stock_hk_hot_rank_detail_em,True,,998de386e991cad0,FILELIST_CANONICALIZER_NO_DB_WRITE,PRESERVED_VALID_ROW_NO_MUTATION,preserved_valid,preserved_valid_authoritative,keep,,,,11,100,False,1,keep_authoritative_first_per_canonical_key,REVIEW_ONLY_NO_DB_WRITE_NO_CANONICAL_MERGE,v027842_unique_final
VDF_Global_Commodity,stock_hk_hot_rank_detail_em::STEEL::证券代码,STEEL,2026-02-22,700.0,stock_hk_hot_rank_detail_em,C:\Users\tonyk\Downloads\VeritasIntelligenceAnalytics\dict\VDF\_active\VDF_AKSHARE_SMALL_SCOPE_CANDIDATE_SEED_STAGING_v0274_20260610_145643\staging\VDF_Global_Commodity_AkShare_Candidate_v0274.csv,VDF_Global_Commodity_AkShare_Candidate_v0274.csv,12,vdf_symbol_hint,时间,证券代码,vdf_source_function,VDF_Global_Commodity|stock_hk_hot_rank_detail_em::STEEL::证券代码|2026-02-22|stock_hk_hot_rank_detail_em,True,,479d34630ece264f,FILELIST_CANONICALIZER_NO_DB_WRITE,PRESERVED_VALID_ROW_NO_MUTATION,preserved_valid,preserved_valid_authoritative,keep,,,,12,100,False,1,keep_authoritative_first_per_canonical_key,REVIEW_ONLY_NO_DB_WRITE_NO_CANONICAL_MERGE,v027842_unique_final
VDF_Global_Commodity,stock_hk_hot_rank_detail_em::STEEL::证券代码,STEEL,2026-02-23,700.0,stock_hk_hot_rank_detail_em,C:\Users\tonyk\Downloads\VeritasIntelligenceAnalytics\dict\VDF\_active\VDF_AKSHARE_SMALL_SCOPE_CANDIDATE_SEED_STAGING_v0274_20260610_145643\staging\VDF_Global_Commodity_AkShare_Candidate_v0274.csv,VDF_Global_Commodity_AkShare_Candidate_v0274.csv,13,vdf_symbol_hint,时间,证券代码,vdf_source_function,VDF_Global_Commodity|stock_hk_hot_rank_detail_em::STEEL::证券代码|2026-02-23|stock_hk_hot_rank_detail_em,True,,6d6cd5ead651b980,FILELIST_CANONICALIZER_NO_DB_WRITE,PRESERVED_VALID_ROW_NO_MUTATION,preserved_valid,preserved_valid_authoritative,keep,,,,13,100,False,1,keep_authoritative_first_per_canonical_key,REVIEW_ONLY_NO_DB_WRITE_NO_CANONICAL_MERGE,v027842_unique_final
VDF_Global_Commodity,stock_hk_hot_rank_detail_em::STEEL::证券代码,STEEL,2026-02-24,700.0,stock_hk_hot_rank_detail_em,C:\Users\tonyk\Downloads\VeritasIntelligenceAnalytics\dict\VDF\_active\VDF_AKSHARE_SMALL_SCOPE_CANDIDATE_SEED_STAGING_v0274_20260610_145643\staging\VDF_Global_Commodity_AkShare_Candidate_v0274.csv,VDF_Global_Commodity_AkShare_Candidate_v0274.csv,14,vdf_symbol_hint,时间,证券代码,vdf_source_function,VDF_Global_Commodity|stock_hk_hot_rank_detail_em::STEEL::证券代码|2026-02-24|stock_hk_hot_rank_detail_em,True,,f38dea3f4af671c2,FILELIST_CANONICALIZER_NO_DB_WRITE,PRESERVED_VALID_ROW_NO_MUTATION,preserved_valid,preserved_valid_authoritative,keep,,,,14,100,False,1,keep_authoritative_first_per_canonical_key,REVIEW_ONLY_NO_DB_WRITE_NO_CANONICAL_MERGE,v027842_unique_final
VDF_Global_Commodity,stock_hk_hot_rank_detail_em::STEEL::证券代码,STEEL,2026-02-25,700.0,stock_hk_hot_rank_detail_em,C:\Users\tonyk\Downloads\VeritasIntelligenceAnalytics\dict\VDF\_active\VDF_AKSHARE_SMALL_SCOPE_CANDIDATE_SEED_STAGING_v0274_20260610_145643\staging\VDF_Global_Commodity_AkShare_Candidate_v0274.csv,VDF_Global_Commodity_AkShare_Candidate_v0274.csv,15,vdf_symbol_hint,时间,证券代码,vdf_source_function,VDF_Global_Commodity|stock_hk_hot_rank_detail_em::STEEL::证券代码|2026-02-25|stock_hk_hot_rank_detail_em,True,,beb78e67e63ba332,FILELIST_CANONICALIZER_NO_DB_WRITE,PRESERVED_VALID_ROW_NO_MUTATION,preserved_valid,preserved_valid_authoritative,keep,,,,15,100,False,1,keep_authoritative_first_per_canonical_key,REVIEW_ONLY_NO_DB_WRITE_NO_CANONICAL_MERGE,v027842_unique_final
VDF_Global_Commodity,stock_hk_hot_rank_detail_em::STEEL::证券代码,STEEL,2026-02-26,700.0,stock_hk_hot_rank_detail_em,C:\Users\tonyk\Downloads\VeritasIntelligenceAnalytics\dict\VDF\_active\VDF_AKSHARE_SMALL_SCOPE_CANDIDATE_SEED_STAGING_v0274_20260610_145643\staging\VDF_Global_Commodity_AkShare_Candidate_v0274.csv,VDF_Global_Commodity_AkShare_Candidate_v0274.csv,16,vdf_symbol_hint,时间,证券代码,vdf_source_function,VDF_Global_Commodity|stock_hk_hot_rank_detail_em::STEEL::证券代码|2026-02-26|stock_hk_hot_rank_detail_em,True,,d4828cd903424876,FILELIST_CANONICALIZER_NO_DB_WRITE,PRESERVED_VALID_ROW_NO_MUTATION,preserved_valid,preserved_valid_authoritative,keep,,,,16,100,False,1,keep_authoritative_first_per_canonical_key,REVIEW_ONLY_NO_DB_WRITE_NO_CANONICAL_MERGE,v027842_unique_final
VDF_Global_Commodity,stock_hk_hot_rank_detail_em::STEEL::证券代码,STEEL,2026-02-27,700.0,stock_hk_hot_rank_detail_em,C:\Users\tonyk\Downloads\VeritasIntelligenceAnalytics\dict\VDF\_active\VDF_AKSHARE_SMALL_SCOPE_CANDIDATE_SEED_STAGING_v0274_20260610_145643\staging\VDF_Global_Commodity_AkShare_Candidate_v0274.csv,VDF_Global_Commodity_AkShare_Candidate_v0274.csv,17,vdf_symbol_hint,时间,证券代码,vdf_source_function,VDF_Global_Commodity|stock_hk_hot_rank_detail_em::STEEL::证券代码|2026-02-27|stock_hk_hot_rank_detail_em,True,,371abb8d51521b4d,FILELIST_CANONICALIZER_NO_DB_WRITE,PRESERVED_VALID_ROW_NO_MUTATION,preserved_valid,preserved_valid_authoritative,keep,,,,17,100,False,1,keep_authoritative_first_per_canonical_key,REVIEW_ONLY_NO_DB_WRITE_NO_CANONICAL_MERGE,v027842_unique_final
VDF_Global_Commodity,stock_hk_hot_rank_detail_em::STEEL::证券代码,STEEL,2026-02-28,700.0,stock_hk_hot_rank_detail_em,C:\Users\tonyk\Downloads\VeritasIntelligenceAnalytics\dict\VDF\_active\VDF_AKSHARE_SMALL_SCOPE_CANDIDATE_SEED_STAGING_v0274_20260610_145643\staging\VDF_Global_Commodity_AkShare_Candidate_v0274.csv,VDF_Global_Commodity_AkShare_Candidate_v0274.csv,18,vdf_symbol_hint,时间,证券代码,vdf_source_function,VDF_Global_Commodity|stock_hk_hot_rank_detail_em::STEEL::证券代码|2026-02-28|stock_hk_hot_rank_detail_em,True,,116c8d19b4bd3215,FILELIST_CANONICALIZER_NO_DB_WRITE,PRESERVED_VALID_ROW_NO_MUTATION,preserved_valid,preserved_valid_authoritative,keep,,,,18,100,False,1,keep_authoritative_first_per_canonical_key,REVIEW_ONLY_NO_DB_WRITE_NO_CANONICAL_MERGE,v027842_unique_final
VDF_Global_Commodity,stock_hk_hot_rank_detail_em::STEEL::证券代码,STEEL,2026-03-01,700.0,stock_hk_hot_rank_detail_em,C:\Users\tonyk\Downloads\VeritasIntelligenceAnalytics\dict\VDF\_active\VDF_AKSHARE_SMALL_SCOPE_CANDIDATE_SEED_STAGING_v0274_20260610_145643\staging\VDF_Global_Commodity_AkShare_Candidate_v0274.csv,VDF_Global_Commodity_AkShare_Candidate_v0274.csv,19,vdf_symbol_hint,时间,证券代码,vdf_source_function,VDF_Global_Commodity|stock_hk_hot_rank_detail_em::STEEL::证券代码|2026-03-01|stock_hk_hot_rank_detail_em,True,,92fd96823883c61f,FILELIST_CANONICALIZER_NO_DB_WRITE,PRESERVED_VALID_ROW_NO_MUTATION,preserved_valid,preserved_valid_authoritative,keep,,,,19,100,False,1,keep_authoritative_first_per_canonical_key,REVIEW_ONLY_NO_DB_WRITE_NO_CANONICAL_MERGE,v027842_unique_final
VDF_Global_Commodity,stock_hk_hot_rank_detail_em::STEEL::证券代码,STEEL,2026-03-02,700.0,stock_hk_hot_rank_detail_em,C:\Users\tonyk\Downloads\VeritasIntelligenceAnalytics\dict\VDF\_active\VDF_AKSHARE_SMALL_SCOPE_CANDIDATE_SEED_STAGING_v0274_20260610_145643\staging\VDF_Global_Commodity_AkShare_Candidate_v0274.csv,VDF_Global_Commodity_AkShare_Candidate_v0274.csv,20,vdf_symbol_hint,时间,证券代码,vdf_source_function,VDF_Global_Commodity|stock_hk_hot_rank_detail_em::STEEL::证券代码|2026-03-02|stock_hk_hot_rank_detail_em,True,,0eac578502f54001,FILELIST_CANONICALIZER_NO_DB_WRITE,PRESERVED_VALID_ROW_NO_MUTATION,preserved_valid,preserved_valid_authoritative,keep,,,,20,100,False,1,keep_authoritative_first_per_canonical_key,REVIEW_ONLY_NO_DB_WRITE_NO_CANONICAL_MERGE,v027842_unique_final
VDF_Global_Commodity,stock_hk_hot_rank_detail_em::STEEL::证券代码,STEEL,2026-03-03,700.0,stock_hk_hot_rank_detail_em,C:\Users\tonyk\Downloads\VeritasIntelligenceAnalytics\dict\VDF\_active\VDF_AKSHARE_SMALL_SCOPE_CANDIDATE_SEED_STAGING_v0274_20260610_145643\staging\VDF_Global_Commodity_AkShare_Candidate_v0274.csv,VDF_Global_Commodity_AkShare_Candidate_v0274.csv,21,vdf_symbol_hint,时间,证券代码,vdf_source_function,VDF_Global_Commodity|stock_hk_hot_rank_detail_em::STEEL::证券代码|2026-03-03|stock_hk_hot_rank_detail_em,True,,cfe9732f621b4297,FILELIST_CANONICALIZER_NO_DB_WRITE,PRESERVED_VALID_ROW_NO_MUTATION,preserved_valid,preserved_valid_authoritative,keep,,,,21,100,False,1,keep_authoritative_first_per_canonical_key,REVIEW_ONLY_NO_DB_WRITE_NO_CANONICAL_MERGE,v027842_unique_final
VDF_Global_Commodity,stock_hk_hot_rank_detail_em::STEEL::证券代码,STEEL,2026-03-04,700.0,stock_hk_hot_rank_detail_em,C:\Users\tonyk\Downloads\VeritasIntelligenceAnalytics\dict\VDF\_active\VDF_AKSHARE_SMALL_SCOPE_CANDIDATE_SEED_STAGING_v0274_20260610_145643\staging\VDF_Global_Commodity_AkShare_Candidate_v0274.csv,VDF_Global_Commodity_AkShare_Candidate_v0274.csv,22,vdf_symbol_hint,时间,证券代码,vdf_source_function,VDF_Global_Commodity|stock_hk_hot_rank_detail_em::STEEL::证券代码|2026-03-04|stock_hk_hot_rank_detail_em,True,,b031af2c98786880,FILELIST_CANONICALIZER_NO_DB_WRITE,PRESERVED_VALID_ROW_NO_MUTATION,preserved_valid,preserved_valid_authoritative,keep,,,,22,100,False,1,keep_authoritative_first_per_canonical_key,REVIEW_ONLY_NO_DB_WRITE_NO_CANONICAL_MERGE,v027842_unique_final
VDF_Global_Commodity,stock_hk_hot_rank_detail_em::STEEL::证券代码,STEEL,2026-03-05,700.0,stock_hk_hot_rank_detail_em,C:\Users\tonyk\Downloads\VeritasIntelligenceAnalytics\dict\VDF\_active\VDF_AKSHARE_SMALL_SCOPE_CANDIDATE_SEED_STAGING_v0274_20260610_145643\staging\VDF_Global_Commodity_AkShare_Candidate_v0274.csv,VDF_Global_Commodity_AkShare_Candidate_v0274.csv,23,vdf_symbol_hint,时间,证券代码,vdf_source_function,VDF_Global_Commodity|stock_hk_hot_rank_detail_em::STEEL::证券代码|2026-03-05|stock_hk_hot_rank_detail_em,True,,2523bc34823779e5,FILELIST_CANONICALIZER_NO_DB_WRITE,PRESERVED_VALID_ROW_NO_MUTATION,preserved_valid,preserved_valid_authoritative,keep,,,,23,100,False,1,keep_authoritative_first_per_canonical_key,REVIEW_ONLY_NO_DB_WRITE_NO_CANONICAL_MERGE,v027842_unique_final
VDF_Global_Commodity,stock_hk_hot_rank_detail_em::STEEL::证券代码,STEEL,2026-03-06,700.0,stock_hk_hot_rank_detail_em,C:\Users\tonyk\Downloads\VeritasIntelligenceAnalytics\dict\VDF\_active\VDF_AKSHARE_SMALL_SCOPE_CANDIDATE_SEED_STAGING_v0274_20260610_145643\staging\VDF_Global_Commodity_AkShare_Candidate_v0274.csv,VDF_Global_Commodity_AkShare_Candidate_v0274.csv,24,vdf_symbol_hint,时间,证券代码,vdf_source_function,VDF_Global_Commodity|stock_hk_hot_rank_detail_em::STEEL::证券代码|2026-03-06|stock_hk_hot_rank_detail_em,True,,d3d89846cb86fcc1,FILELIST_CANONICALIZER_NO_DB_WRITE,PRESERVED_VALID_ROW_NO_MUTATION,preserved_valid,preserved_valid_authoritative,keep,,,,24,100,False,1,keep_authoritative_first_per_canonical_key,REVIEW_ONLY_NO_DB_WRITE_NO_CANONICAL_MERGE,v027842_unique_final
VDF_Global_Commodity,stock_hk_hot_rank_detail_em::STEEL::证券代码,STEEL,2026-03-07,700.0,stock_hk_hot_rank_detail_em,C:\Users\tonyk\Downloads\VeritasIntelligenceAnalytics\dict\VDF\_active\VDF_AKSHARE_SMALL_SCOPE_CANDIDATE_SEED_STAGING_v0274_20260610_145643\staging\VDF_Global_Commodity_AkShare_Candidate_v0274.csv,VDF_Global_Commodity_AkShare_Candidate_v0274.csv,25,vdf_symbol_hint,时间,证券代码,vdf_source_function,VDF_Global_Commodity|stock_hk_hot_rank_detail_em::STEEL::证券代码|2026-03-07|stock_hk_hot_rank_detail_em,True,,648048f4e5c0a874,FILELIST_CANONICALIZER_NO_DB_WRITE,PRESERVED_VALID_ROW_NO_MUTATION,preserved_valid,preserved_valid_authoritative,keep,,,,25,100,False,1,keep_authoritative_first_per_canonical_key,REVIEW_ONLY_NO_DB_WRITE_NO_CANONICAL_MERGE,v027842_unique_final
VDF_Global_Commodity,stock_hk_hot_rank_detail_em::STEEL::证券代码,STEEL,2026-03-08,700.0,stock_hk_hot_rank_detail_em,C:\Users\tonyk\Downloads\VeritasIntelligenceAnalytics\dict\VDF\_active\VDF_AKSHARE_SMALL_SCOPE_CANDIDATE_SEED_STAGING_v0274_20260610_145643\staging\VDF_Global_Commodity_AkShare_Candidate_v0274.csv,VDF_Global_Commodity_AkShare_Candidate_v0274.csv,26,vdf_symbol_hint,时间,证券代码,vdf_source_function,VDF_Global_Commodity|stock_hk_hot_rank_detail_em::STEEL::证券代码|2026-03-08|stock_hk_hot_rank_detail_em,True,,882eb9cc179bb5b2,FILELIST_CANONICALIZER_NO_DB_WRITE,PRESERVED_VALID_ROW_NO_MUTATION,preserved_valid,preserved_valid_authoritative,keep,,,,26,100,False,1,keep_authoritative_first_per_canonical_key,REVIEW_ONLY_NO_DB_WRITE_NO_CANONICAL_MERGE,v027842_unique_final
VDF_Global_Commodity,stock_hk_hot_rank_detail_em::STEEL::证券代码,STEEL,2026-03-09,700.0,stock_hk_hot_rank_detail_em,C:\Users\tonyk\Downloads\VeritasIntelligenceAnalytics\dict\VDF\_active\VDF_AKSHARE_SMALL_SCOPE_CANDIDATE_SEED_STAGING_v0274_20260610_145643\staging\VDF_Global_Commodity_AkShare_Candidate_v0274.csv,VDF_Global_Commodity_AkShare_Candidate_v0274.csv,27,vdf_symbol_hint,时间,证券代码,vdf_source_function,VDF_Global_Commodity|stock_hk_hot_rank_detail_em::STEEL::证券代码|2026-03-09|stock_hk_hot_rank_detail_em,True,,48e27f36d7b04db2,FILELIST_CANONICALIZER_NO_DB_WRITE,PRESERVED_VALID_ROW_NO_MUTATION,preserved_valid,preserved_valid_authoritative,keep,,,,27,100,False,1,keep_authoritative_first_per_canonical_key,REVIEW_ONLY_NO_DB_WRITE_NO_CANONICAL_MERGE,v027842_unique_final
VDF_Global_Commodity,stock_hk_hot_rank_detail_em::STEEL::证券代码,STEEL,2026-03-10,700.0,stock_hk_hot_rank_detail_em,C:\Users\tonyk\Downloads\VeritasIntelligenceAnalytics\dict\VDF\_active\VDF_AKSHARE_SMALL_SCOPE_CANDIDATE_SEED_STAGING_v0274_20260610_145643\staging\VDF_Global_Commodity_AkShare_Candidate_v0274.csv,VDF_Global_Commodity_AkShare_Candidate_v0274.csv,28,vdf_symbol_hint,时间,证券代码,vdf_source_function,VDF_Global_Commodity|stock_hk_hot_rank_detail_em::STEEL::证券代码|2026-03-10|stock_hk_hot_rank_detail_em,True,,c2f8882195df8805,FILELIST_CANONICALIZER_NO_DB_WRITE,PRESERVED_VALID_ROW_NO_MUTATION,preserved_valid,preserved_valid_authoritative,keep,,,,28,100,False,1,keep_authoritative_first_per_canonical_key,REVIEW_ONLY_NO_DB_WRITE_NO_CANONICAL_MERGE,v027842_unique_final
VDF_Global_Commodity,stock_hk_hot_rank_detail_em::STEEL::证券代码,STEEL,2026-03-11,700.0,stock_hk_hot_rank_detail_em,C:\Users\tonyk\Downloads\VeritasIntelligenceAnalytics\dict\VDF\_active\VDF_AKSHARE_SMALL_SCOPE_CANDIDATE_SEED_STAGING_v0274_20260610_145643\staging\VDF_Global_Commodity_AkShare_Candidate_v0274.csv,VDF_Global_Commodity_AkShare_Candidate_v0274.csv,29,vdf_symbol_hint,时间,证券代码,vdf_source_function,VDF_Global_Commodity|stock_hk_hot_rank_detail_em::STEEL::证券代码|2026-03-11|stock_hk_hot_rank_detail_em,True,,b51c6cac71f3e4fe,FILELIST_CANONICALIZER_NO_DB_WRITE,PRESERVED_VALID_ROW_NO_MUTATION,preserved_valid,preserved_valid_authoritative,keep,,,,29,100,False,1,keep_authoritative_first_per_canonical_key,REVIEW_ONLY_NO_DB_WRITE_NO_CANONICAL_MERGE,v027842_unique_final
VDF_Global_Commodity,stock_hk_hot_rank_detail_em::STEEL::证券代码,STEEL,2026-03-12,700.0,stock_hk_hot_rank_detail_em,C:\Users\tonyk\Downloads\VeritasIntelligenceAnalytics\dict\VDF\_active\VDF_AKSHARE_SMALL_SCOPE_CANDIDATE_SEED_STAGING_v0274_20260610_145643\staging\VDF_Global_Commodity_AkShare_Candidate_v0274.csv,VDF_Global_Commodity_AkShare_Candidate_v0274.csv,30,vdf_symbol_hint,时间,证券代码,vdf_source_function,VDF_Global_Commodity|stock_hk_hot_rank_detail_em::STEEL::证券代码|2026-03-12|stock_hk_hot_rank_detail_em,True,,46f4f20ce01a8e74,FILELIST_CANONICALIZER_NO_DB_WRITE,PRESERVED_VALID_ROW_NO_MUTATION,preserved_valid,preserved_valid_authoritative,keep,,,,30,100,False,1,keep_authoritative_first_per_canonical_key,REVIEW_ONLY_NO_DB_WRITE_NO_CANONICAL_MERGE,v027842_unique_final
VDF_Global_Commodity,stock_hk_hot_rank_detail_em::STEEL::证券代码,STEEL,2026-03-13,700.0,stock_hk_hot_rank_detail_em,C:\Users\tonyk\Downloads\VeritasIntelligenceAnalytics\dict\VDF\_active\VDF_AKSHARE_SMALL_SCOPE_CANDIDATE_SEED_STAGING_v0274_20260610_145643\staging\VDF_Global_Commodity_AkShare_Candidate_v0274.csv,VDF_Global_Commodity_AkShare_Candidate_v0274.csv,31,vdf_symbol_hint,时间,证券代码,vdf_source_function,VDF_Global_Commodity|stock_hk_hot_rank_detail_em::STEEL::证券代码|2026-03-13|stock_hk_hot_rank_detail_em,True,,03a809b631e7c2b5,FILELIST_CANONICALIZER_NO_DB_WRITE,PRESERVED_VALID_ROW_NO_MUTATION,preserved_valid,preserved_valid_authoritative,keep,,,,31,100,False,1,keep_authoritative_first_per_canonical_key,REVIEW_ONLY_NO_DB_WRITE_NO_CANONICAL_MERGE,v027842_unique_final
VDF_Global_Commodity,stock_hk_hot_rank_detail_em::STEEL::证券代码,STEEL,2026-03-14,700.0,stock_hk_hot_rank_detail_em,C:\Users\tonyk\Downloads\VeritasIntelligenceAnalytics\dict\VDF\_active\VDF_AKSHARE_SMALL_SCOPE_CANDIDATE_SEED_STAGING_v0274_20260610_145643\staging\VDF_Global_Commodity_AkShare_Candidate_v0274.csv,VDF_Global_Commodity_AkShare_Candidate_v0274.csv,32,vdf_symbol_hint,时间,证券代码,vdf_source_function,VDF_Global_Commodity|stock_hk_hot_rank_detail_em::STEEL::证券代码|2026-03-14|stock_hk_hot_rank_detail_em,True,,dbf5da445a5c46f9,FILELIST_CANONICALIZER_NO_DB_WRITE,PRESERVED_VALID_ROW_NO_MUTATION,preserved_valid,preserved_valid_authoritative,keep,,,,32,100,False,1,keep_authoritative_first_per_canonical_key,REVIEW_ONLY_NO_DB_WRITE_NO_CANONICAL_MERGE,v027842_unique_final
VDF_Global_Commodity,stock_hk_hot_rank_detail_em::STEEL::证券代码,STEEL,2026-03-15,700.0,stock_hk_hot_rank_detail_em,C:\Users\tonyk\Downloads\VeritasIntelligenceAnalytics\dict\VDF\_active\VDF_AKSHARE_SMALL_SCOPE_CANDIDATE_SEED_STAGING_v0274_20260610_145643\staging\VDF_Global_Commodity_AkShare_Candidate_v0274.csv,VDF_Global_Commodity_AkShare_Candidate_v0274.csv,33,vdf_symbol_hint,时间,证券代码,vdf_source_function,VDF_Global_Commodity|stock_hk_hot_rank_detail_em::STEEL::证券代码|2026-03-15|stock_hk_hot_rank_detail_em,True,,310058d299756f60,FILELIST_CANONICALIZER_NO_DB_WRITE,PRESERVED_VALID_ROW_NO_MUTATION,preserved_valid,preserved_valid_authoritative,keep,,,,33,100,False,1,keep_authoritative_first_per_canonical_key,REVIEW_ONLY_NO_DB_WRITE_NO_CANONICAL_MERGE,v027842_unique_final
VDF_Global_Commodity,stock_hk_hot_rank_detail_em::STEEL::证券代码,STEEL,2026-03-16,700.0,stock_hk_hot_rank_detail_em,C:\Users\tonyk\Downloads\VeritasIntelligenceAnalytics\dict\VDF\_active\VDF_AKSHARE_SMALL_SCOPE_CANDIDATE_SEED_STAGING_v0274_20260610_145643\staging\VDF_Global_Commodity_AkShare_Candidate_v0274.csv,VDF_Global_Commodity_AkShare_Candidate_v0274.csv,34,vdf_symbol_hint,时间,证券代码,vdf_source_function,VDF_Global_Commodity|stock_hk_hot_rank_detail_em::STEEL::证券代码|2026-03-16|stock_hk_hot_rank_detail_em,True,,7014943227904d38,FILELIST_CANONICALIZER_NO_DB_WRITE,PRESERVED_VALID_ROW_NO_MUTATION,preserved_valid,preserved_valid_authoritative,keep,,,,34,100,False,1,keep_authoritative_first_per_canonical_key,REVIEW_ONLY_NO_DB_WRITE_NO_CANONICAL_MERGE,v027842_unique_final
VDF_Global_Commodity,stock_hk_hot_rank_detail_em::STEEL::证券代码,STEEL,2026-03-17,700.0,stock_hk_hot_rank_detail_em,C:\Users\tonyk\Downloads\VeritasIntelligenceAnalytics\dict\VDF\_active\VDF_AKSHARE_SMALL_SCOPE_CANDIDATE_SEED_STAGING_v0274_20260610_145643\staging\VDF_Global_Commodity_AkShare_Candidate_v0274.csv,VDF_Global_Commodity_AkShare_Candidate_v0274.csv,35,vdf_symbol_hint,时间,证券代码,vdf_source_function,VDF_Global_Commodity|stock_hk_hot_rank_detail_em::STEEL::证券代码|2026-03-17|stock_hk_hot_rank_detail_em,True,,f5023bf9d7d3a0a3,FILELIST_CANONICALIZER_NO_DB_WRITE,PRESERVED_VALID_ROW_NO_MUTATION,preserved_valid,preserved_valid_authoritative,keep,,,,35,100,False,1,keep_authoritative_first_per_canonical_key,REVIEW_ONLY_NO_DB_WRITE_NO_CANONICAL_MERGE,v027842_unique_final
VDF_Global_Commodity,stock_hk_hot_rank_detail_em::STEEL::证券代码,STEEL,2026-03-18,700.0,stock_hk_hot_rank_detail_em,C:\Users\tonyk\Downloads\VeritasIntelligenceAnalytics\dict\VDF\_active\VDF_AKSHARE_SMALL_SCOPE_CANDIDATE_SEED_STAGING_v0274_20260610_145643\staging\VDF_Global_Commodity_AkShare_Candidate_v0274.csv,VDF_Global_Commodity_AkShare_Candidate_v0274.csv,36,vdf_symbol_hint,时间,证券代码,vdf_source_function,VDF_Global_Commodity|stock_hk_hot_rank_detail_em::STEEL::证券代码|2026-03-18|stock_hk_hot_rank_detail_em,True,,5a083c4756346a90,FILELIST_CANONICALIZER_NO_DB_WRITE,PRESERVED_VALID_ROW_NO_MUTATION,preserved_valid,preserved_valid_authoritative,keep,,,,36,100,False,1,keep_authoritative_first_per_canonical_key,REVIEW_ONLY_NO_DB_WRITE_NO_CANONICAL_MERGE,v027842_unique_final
VDF_Global_Commodity,stock_hk_hot_rank_detail_em::STEEL::证券代码,STEEL,2026-03-19,700.0,stock_hk_hot_rank_detail_em,C:\Users\tonyk\Downloads\VeritasIntelligenceAnalytics\dict\VDF\_active\VDF_AKSHARE_SMALL_SCOPE_CANDIDATE_SEED_STAGING_v0274_20260610_145643\staging\VDF_Global_Commodity_AkShare_Candidate_v0274.csv,VDF_Global_Commodity_AkShare_Candidate_v0274.csv,37,vdf_symbol_hint,时间,证券代码,vdf_source_function,VDF_Global_Commodity|stock_hk_hot_rank_detail_em::STEEL::证券代码|2026-03-19|stock_hk_hot_rank_detail_em,True,,7479c86f48a4e7b0,FILELIST_CANONICALIZER_NO_DB_WRITE,PRESERVED_VALID_ROW_NO_MUTATION,preserved_valid,preserved_valid_authoritative,keep,,,,37,100,False,1,keep_authoritative_first_per_canonical_key,REVIEW_ONLY_NO_DB_WRITE_NO_CANONICAL_MERGE,v027842_unique_final
VDF_Global_Commodity,stock_hk_hot_rank_detail_em::STEEL::证券代码,STEEL,2026-03-20,700.0,stock_hk_hot_rank_detail_em,C:\Users\tonyk\Downloads\VeritasIntelligenceAnalytics\dict\VDF\_active\VDF_AKSHARE_SMALL_SCOPE_CANDIDATE_SEED_STAGING_v0274_20260610_145643\staging\VDF_Global_Commodity_AkShare_Candidate_v0274.csv,VDF_Global_Commodity_AkShare_Candidate_v0274.csv,38,vdf_symbol_hint,时间,证券代码,vdf_source_function,VDF_Global_Commodity|stock_hk_hot_rank_detail_em::STEEL::证券代码|2026-03-20|stock_hk_hot_rank_detail_em,True,,6778c1905186f951,FILELIST_CANONICALIZER_NO_DB_WRITE,PRESERVED_VALID_ROW_NO_MUTATION,preserved_valid,preserved_valid_authoritative,keep,,,,38,100,False,1,keep_authoritative_first_per_canonical_key,REVIEW_ONLY_NO_DB_WRITE_NO_CANONICAL_MERGE,v027842_unique_final
VDF_Global_Commodity,stock_hk_hot_rank_detail_em::STEEL::证券代码,STEEL,2026-03-21,700.0,stock_hk_hot_rank_detail_em,C:\Users\tonyk\Downloads\VeritasIntelligenceAnalytics\dict\VDF\_active\VDF_AKSHARE_SMALL_SCOPE_CANDIDATE_SEED_STAGING_v0274_20260610_145643\staging\VDF_Global_Commodity_AkShare_Candidate_v0274.csv,VDF_Global_Commodity_AkShare_Candidate_v0274.csv,39,vdf_symbol_hint,时间,证券代码,vdf_source_function,VDF_Global_Commodity|stock_hk_hot_rank_detail_em::STEEL::证券代码|2026-03-21|stock_hk_hot_rank_detail_em,True,,54073b17289d597c,FILELIST_CANONICALIZER_NO_DB_WRITE,PRESERVED_VALID_ROW_NO_MUTATION,preserved_valid,preserved_valid_authoritative,keep,,,,39,100,False,1,keep_authoritative_first_per_canonical_key,REVIEW_ONLY_NO_DB_WRITE_NO_CANONICAL_MERGE,v027842_unique_final
VDF_Global_Commodity,stock_hk_hot_rank_detail_em::STEEL::证券代码,STEEL,2026-03-22,700.0,stock_hk_hot_rank_detail_em,C:\Users\tonyk\Downloads\VeritasIntelligenceAnalytics\dict\VDF\_active\VDF_AKSHARE_SMALL_SCOPE_CANDIDATE_SEED_STAGING_v0274_20260610_145643\staging\VDF_Global_Commodity_AkShare_Candidate_v0274.csv,VDF_Global_Commodity_AkShare_Candidate_v0274.csv,40,vdf_symbol_hint,时间,证券代码,vdf_source_function,VDF_Global_Commodity|stock_hk_hot_rank_detail_em::STEEL::证券代码|2026-03-22|stock_hk_hot_rank_detail_em,True,,84cb76d842c32073,FILELIST_CANONICALIZER_NO_DB_WRITE,PRESERVED_VALID_ROW_NO_MUTATION,preserved_valid,preserved_valid_authoritative,keep,,,,40,100,False,1,keep_authoritative_first_per_canonical_key,REVIEW_ONLY_NO_DB_WRITE_NO_CANONICAL_MERGE,v027842_unique_final
VDF_Global_Commodity,stock_hk_hot_rank_detail_em::STEEL::证券代码,STEEL,2026-03-23,700.0,stock_hk_hot_rank_detail_em,C:\Users\tonyk\Downloads\VeritasIntelligenceAnalytics\dict\VDF\_active\VDF_AKSHARE_SMALL_SCOPE_CANDIDATE_SEED_STAGING_v0274_20260610_145643\staging\VDF_Global_Commodity_AkShare_Candidate_v0274.csv,VDF_Global_Commodity_AkShare_Candidate_v0274.csv,41,vdf_symbol_hint,时间,证券代码,vdf_source_function,VDF_Global_Commodity|stock_hk_hot_rank_detail_em::STEEL::证券代码|2026-03-23|stock_hk_hot_rank_detail_em,True,,9a3c347e5c575a46,FILELIST_CANONICALIZER_NO_DB_WRITE,PRESERVED_VALID_ROW_NO_MUTATION,preserved_valid,preserved_valid_authoritative,keep,,,,41,100,False,1,keep_authoritative_first_per_canonical_key,REVIEW_ONLY_NO_DB_WRITE_NO_CANONICAL_MERGE,v027842_unique_final
VDF_Global_Commodity,stock_hk_hot_rank_detail_em::STEEL::证券代码,STEEL,2026-03-24,700.0,stock_hk_hot_rank_detail_em,C:\Users\tonyk\Downloads\VeritasIntelligenceAnalytics\dict\VDF\_active\VDF_AKSHARE_SMALL_SCOPE_CANDIDATE_SEED_STAGING_v0274_20260610_145643\staging\VDF_Global_Commodity_AkShare_Candidate_v0274.csv,VDF_Global_Commodity_AkShare_Candidate_v0274.csv,42,vdf_symbol_hint,时间,证券代码,vdf_source_function,VDF_Global_Commodity|stock_hk_hot_rank_detail_em::STEEL::证券代码|2026-03-24|stock_hk_hot_rank_detail_em,True,,015edbe7e828d401,FILELIST_CANONICALIZER_NO_DB_WRITE,PRESERVED_VALID_ROW_NO_MUTATION,preserved_valid,preserved_valid_authoritative,keep,,,,42,100,False,1,keep_authoritative_first_per_canonical_key,REVIEW_ONLY_NO_DB_WRITE_NO_CANONICAL_MERGE,v027842_unique_final
VDF_Global_Commodity,stock_hk_hot_rank_detail_em::STEEL::证券代码,STEEL,2026-03-25,700.0,stock_hk_hot_rank_detail_em,C:\Users\tonyk\Downloads\VeritasIntelligenceAnalytics\dict\VDF\_active\VDF_AKSHARE_SMALL_SCOPE_CANDIDATE_SEED_STAGING_v0274_20260610_145643\staging\VDF_Global_Commodity_AkShare_Candidate_v0274.csv,VDF_Global_Commodity_AkShare_Candidate_v0274.csv,43,vdf_symbol_hint,时间,证券代码,vdf_source_function,VDF_Global_Commodity|stock_hk_hot_rank_detail_em::STEEL::证券代码|2026-03-25|stock_hk_hot_rank_detail_em,True,,35e90f3efebef074,FILELIST_CANONICALIZER_NO_DB_WRITE,PRESERVED_VALID_ROW_NO_MUTATION,preserved_valid,preserved_valid_authoritative,keep,,,,43,100,False,1,keep_authoritative_first_per_canonical_key,REVIEW_ONLY_NO_DB_WRITE_NO_CANONICAL_MERGE,v027842_unique_final
VDF_Global_Commodity,stock_hk_hot_rank_detail_em::STEEL::证券代码,STEEL,2026-03-26,700.0,stock_hk_hot_rank_detail_em,C:\Users\tonyk\Downloads\VeritasIntelligenceAnalytics\dict\VDF\_active\VDF_AKSHARE_SMALL_SCOPE_CANDIDATE_SEED_STAGING_v0274_20260610_145643\staging\VDF_Global_Commodity_AkShare_Candidate_v0274.csv,VDF_Global_Commodity_AkShare_Candidate_v0274.csv,44,vdf_symbol_hint,时间,证券代码,vdf_source_function,VDF_Global_Commodity|stock_hk_hot_rank_detail_em::STEEL::证券代码|2026-03-26|stock_hk_hot_rank_detail_em,True,,97c814ce22aa5d05,FILELIST_CANONICALIZER_NO_DB_WRITE,PRESERVED_VALID_ROW_NO_MUTATION,preserved_valid,preserved_valid_authoritative,keep,,,,44,100,False,1,keep_authoritative_first_per_canonical_key,REVIEW_ONLY_NO_DB_WRITE_NO_CANONICAL_MERGE,v027842_unique_final
VDF_Global_Commodity,stock_hk_hot_rank_detail_em::STEEL::证券代码,STEEL,2026-03-27,700.0,stock_hk_hot_rank_detail_em,C:\Users\tonyk\Downloads\VeritasIntelligenceAnalytics\dict\VDF\_active\VDF_AKSHARE_SMALL_SCOPE_CANDIDATE_SEED_STAGING_v0274_20260610_145643\staging\VDF_Global_Commodity_AkShare_Candidate_v0274.csv,VDF_Global_Commodity_AkShare_Candidate_v0274.csv,45,vdf_symbol_hint,时间,证券代码,vdf_source_function,VDF_Global_Commodity|stock_hk_hot_rank_detail_em::STEEL::证券代码|2026-03-27|stock_hk_hot_rank_detail_em,True,,ca1fb7974afdae61,FILELIST_CANONICALIZER_NO_DB_WRITE,PRESERVED_VALID_ROW_NO_MUTATION,preserved_valid,preserved_valid_authoritative,keep,,,,45,100,False,1,keep_authoritative_first_per_canonical_key,REVIEW_ONLY_NO_DB_WRITE_NO_CANONICAL_MERGE,v027842_unique_final
VDF_Global_Commodity,stock_hk_hot_rank_detail_em::STEEL::证券代码,STEEL,2026-03-28,700.0,stock_hk_hot_rank_detail_em,C:\Users\tonyk\Downloads\VeritasIntelligenceAnalytics\dict\VDF\_active\VDF_AKSHARE_SMALL_SCOPE_CANDIDATE_SEED_STAGING_v0274_20260610_145643\staging\VDF_Global_Commodity_AkShare_Candidate_v0274.csv,VDF_Global_Commodity_AkShare_Candidate_v0274.csv,46,vdf_symbol_hint,时间,证券代码,vdf_source_function,VDF_Global_Commodity|stock_hk_hot_rank_detail_em::STEEL::证券代码|2026-03-28|stock_hk_hot_rank_detail_em,True,,ef80210ea3e4d2d7,FILELIST_CANONICALIZER_NO_DB_WRITE,PRESERVED_VALID_ROW_NO_MUTATION,preserved_valid,preserved_valid_authoritative,keep,,,,46,100,False,1,keep_authoritative_first_per_canonical_key,REVIEW_ONLY_NO_DB_WRITE_NO_CANONICAL_MERGE,v027842_unique_final
VDF_Global_Commodity,stock_hk_hot_rank_detail_em::STEEL::证券代码,STEEL,2026-03-29,700.0,stock_hk_hot_rank_detail_em,C:\Users\tonyk\Downloads\VeritasIntelligenceAnalytics\dict\VDF\_active\VDF_AKSHARE_SMALL_SCOPE_CANDIDATE_SEED_STAGING_v0274_20260610_145643\staging\VDF_Global_Commodity_AkShare_Candidate_v0274.csv,VDF_Global_Commodity_AkShare_Candidate_v0274.csv,47,vdf_symbol_hint,时间,证券代码,vdf_source_function,VDF_Global_Commodity|stock_hk_hot_rank_detail_em::STEEL::证券代码|2026-03-29|stock_hk_hot_rank_detail_em,True,,9092ac58fc514d66,FILELIST_CANONICALIZER_NO_DB_WRITE,PRESERVED_VALID_ROW_NO_MUTATION,preserved_valid,preserved_valid_authoritative,keep,,,,47,100,False,1,keep_authoritative_first_per_canonical_key,REVIEW_ONLY_NO_DB_WRITE_NO_CANONICAL_MERGE,v027842_unique_final
VDF_Global_Commodity,stock_hk_hot_rank_detail_em::STEEL::证券代码,STEEL,2026-03-30,700.0,stock_hk_hot_rank_detail_em,C:\Users\tonyk\Downloads\VeritasIntelligenceAnalytics\dict\VDF\_active\VDF_AKSHARE_SMALL_SCOPE_CANDIDATE_SEED_STAGING_v0274_20260610_145643\staging\VDF_Global_Commodity_AkShare_Candidate_v0274.csv,VDF_Global_Commodity_AkShare_Candidate_v0274.csv,48,vdf_symbol_hint,时间,证券代码,vdf_source_function,VDF_Global_Commodity|stock_hk_hot_rank_detail_em::STEEL::证券代码|2026-03-30|stock_hk_hot_rank_detail_em,True,,a9b1eb9e5d19cc5f,FILELIST_CANONICALIZER_NO_DB_WRITE,PRESERVED_VALID_ROW_NO_MUTATION,preserved_valid,preserved_valid_authoritative,keep,,,,48,100,False,1,keep_authoritative_first_per_canonical_key,REVIEW_ONLY_NO_DB_WRITE_NO_CANONICAL_MERGE,v027842_unique_final
VDF_Global_Commodity,stock_hk_hot_rank_detail_em::STEEL::证券代码,STEEL,2026-03-31,700.0,stock_hk_hot_rank_detail_em,C:\Users\tonyk\Downloads\VeritasIntelligenceAnalytics\dict\VDF\_active\VDF_AKSHARE_SMALL_SCOPE_CANDIDATE_SEED_STAGING_v0274_20260610_145643\staging\VDF_Global_Commodity_AkShare_Candidate_v0274.csv,VDF_Global_Commodity_AkShare_Candidate_v0274.csv,49,vdf_symbol_hint,时间,证券代码,vdf_source_function,VDF_Global_Commodity|stock_hk_hot_rank_detail_em::STEEL::证券代码|2026-03-31|stock_hk_hot_rank_detail_em,True,,80fbc2123899fade,FILELIST_CANONICALIZER_NO_DB_WRITE,PRESERVED_VALID_ROW_NO_MUTATION,preserved_valid,preserved_valid_authoritative,keep,,,,49,100,False,1,keep_authoritative_first_per_canonical_key,REVIEW_ONLY_NO_DB_WRITE_NO_CANONICAL_MERGE,v027842_unique_final
VDF_Global_Commodity,stock_hk_hot_rank_detail_em::STEEL::证券代码,STEEL,2026-04-01,700.0,stock_hk_hot_rank_detail_em,C:\Users\tonyk\Downloads\VeritasIntelligenceAnalytics\dict\VDF\_active\VDF_AKSHARE_SMALL_SCOPE_CANDIDATE_SEED_STAGING_v0274_20260610_145643\staging\VDF_Global_Commodity_AkShare_Candidate_v0274.csv,VDF_Global_Commodity_AkShare_Candidate_v0274.csv,50,vdf_symbol_hint,时间,证券代码,vdf_source_function,VDF_Global_Commodity|stock_hk_hot_rank_detail_em::STEEL::证券代码|2026-04-01|stock_hk_hot_rank_detail_em,True,,f40d4370b31b5311,FILELIST_CANONICALIZER_NO_DB_WRITE,PRESERVED_VALID_ROW_NO_MUTATION,preserved_valid,preserved_valid_authoritative,keep,,,,50,100,False,1,keep_authoritative_first_per_canonical_key,REVIEW_ONLY_NO_DB_WRITE_NO_CANONICAL_MERGE,v027842_unique_final
VDF_Global_Commodity,stock_hk_hot_rank_detail_em::STEEL::证券代码,STEEL,2026-04-02,700.0,stock_hk_hot_rank_detail_em,C:\Users\tonyk\Downloads\VeritasIntelligenceAnalytics\dict\VDF\_active\VDF_AKSHARE_SMALL_SCOPE_CANDIDATE_SEED_STAGING_v0274_20260610_145643\staging\VDF_Global_Commodity_AkShare_Candidate_v0274.csv,VDF_Global_Commodity_AkShare_Candidate_v0274.csv,51,vdf_symbol_hint,时间,证券代码,vdf_source_function,VDF_Global_Commodity|stock_hk_hot_rank_detail_em::STEEL::证券代码|2026-04-02|stock_hk_hot_rank_detail_em,True,,3694bbe9e7dcf0c4,FILELIST_CANONICALIZER_NO_DB_WRITE,PRESERVED_VALID_ROW_NO_MUTATION,preserved_valid,preserved_valid_authoritative,keep,,,,51,100,False,1,keep_authoritative_first_per_canonical_key,REVIEW_ONLY_NO_DB_WRITE_NO_CANONICAL_MERGE,v027842_unique_final
VDF_Global_Commodity,stock_hk_hot_rank_detail_em::STEEL::证券代码,STEEL,2026-04-03,700.0,stock_hk_hot_rank_detail_em,C:\Users\tonyk\Downloads\VeritasIntelligenceAnalytics\dict\VDF\_active\VDF_AKSHARE_SMALL_SCOPE_CANDIDATE_SEED_STAGING_v0274_20260610_145643\staging\VDF_Global_Commodity_AkShare_Candidate_v0274.csv,VDF_Global_Commodity_AkShare_Candidate_v0274.csv,52,vdf_symbol_hint,时间,证券代码,vdf_source_function,VDF_Global_Commodity|stock_hk_hot_rank_detail_em::STEEL::证券代码|2026-04-03|stock_hk_hot_rank_detail_em,True,,9e7c56f618a2f64d,FILELIST_CANONICALIZER_NO_DB_WRITE,PRESERVED_VALID_ROW_NO_MUTATION,preserved_valid,preserved_valid_authoritative,keep,,,,52,100,False,1,keep_authoritative_first_per_canonical_key,REVIEW_ONLY_NO_DB_WRITE_NO_CANONICAL_MERGE,v027842_unique_final
VDF_Global_Commodity,stock_hk_hot_rank_detail_em::STEEL::证券代码,STEEL,2026-04-04,700.0,stock_hk_hot_rank_detail_em,C:\Users\tonyk\Downloads\VeritasIntelligenceAnalytics\dict\VDF\_active\VDF_AKSHARE_SMALL_SCOPE_CANDIDATE_SEED_STAGING_v0274_20260610_145643\staging\VDF_Global_Commodity_AkShare_Candidate_v0274.csv,VDF_Global_Commodity_AkShare_Candidate_v0274.csv,53,vdf_symbol_hint,时间,证券代码,vdf_source_function,VDF_Global_Commodity|stock_hk_hot_rank_detail_em::STEEL::证券代码|2026-04-04|stock_hk_hot_rank_detail_em,True,,51fae034cf1b83b4,FILELIST_CANONICALIZER_NO_DB_WRITE,PRESERVED_VALID_ROW_NO_MUTATION,preserved_valid,preserved_valid_authoritative,keep,,,,53,100,False,1,keep_authoritative_first_per_canonical_key,REVIEW_ONLY_NO_DB_WRITE_NO_CANONICAL_MERGE,v027842_unique_final
VDF_Global_Commodity,stock_hk_hot_rank_detail_em::STEEL::证券代码,STEEL,2026-04-05,700.0,stock_hk_hot_rank_detail_em,C:\Users\tonyk\Downloads\VeritasIntelligenceAnalytics\dict\VDF\_active\VDF_AKSHARE_SMALL_SCOPE_CANDIDATE_SEED_STAGING_v0274_20260610_145643\staging\VDF_Global_Commodity_AkShare_Candidate_v0274.csv,VDF_Global_Commodity_AkShare_Candidate_v0274.csv,54,vdf_symbol_hint,时间,证券代码,vdf_source_function,VDF_Global_Commodity|stock_hk_hot_rank_detail_em::STEEL::证券代码|2026-04-05|stock_hk_hot_rank_detail_em,True,,99d9b81b8a5efb0d,FILELIST_CANONICALIZER_NO_DB_WRITE,PRESERVED_VALID_ROW_NO_MUTATION,preserved_valid,preserved_valid_authoritative,keep,,,,54,100,False,1,keep_authoritative_first_per_canonical_key,REVIEW_ONLY_NO_DB_WRITE_NO_CANONICAL_MERGE,v027842_unique_final
VDF_Global_Commodity,stock_hk_hot_rank_detail_em::STEEL::证券代码,STEEL,2026-04-06,700.0,stock_hk_hot_rank_detail_em,C:\Users\tonyk\Downloads\VeritasIntelligenceAnalytics\dict\VDF\_active\VDF_AKSHARE_SMALL_SCOPE_CANDIDATE_SEED_STAGING_v0274_20260610_145643\staging\VDF_Global_Commodity_AkShare_Candidate_v0274.csv,VDF_Global_Commodity_AkShare_Candidate_v0274.csv,55,vdf_symbol_hint,时间,证券代码,vdf_source_function,VDF_Global_Commodity|stock_hk_hot_rank_detail_em::STEEL::证券代码|2026-04-06|stock_hk_hot_rank_detail_em,True,,6d480fa9fb3a9f09,FILELIST_CANONICALIZER_NO_DB_WRITE,PRESERVED_VALID_ROW_NO_MUTATION,preserved_valid,preserved_valid_authoritative,keep,,,,55,100,False,1,keep_authoritative_first_per_canonical_key,REVIEW_ONLY_NO_DB_WRITE_NO_CANONICAL_MERGE,v027842_unique_final
VDF_Global_Commodity,stock_hk_hot_rank_detail_em::STEEL::证券代码,STEEL,2026-04-07,700.0,stock_hk_hot_rank_detail_em,C:\Users\tonyk\Downloads\VeritasIntelligenceAnalytics\dict\VDF\_active\VDF_AKSHARE_SMALL_SCOPE_CANDIDATE_SEED_STAGING_v0274_20260610_145643\staging\VDF_Global_Commodity_AkShare_Candidate_v0274.csv,VDF_Global_Commodity_AkShare_Candidate_v0274.csv,56,vdf_symbol_hint,时间,证券代码,vdf_source_function,VDF_Global_Commodity|stock_hk_hot_rank_detail_em::STEEL::证券代码|2026-04-07|stock_hk_hot_rank_detail_em,True,,e6e24db1316deab1,FILELIST_CANONICALIZER_NO_DB_WRITE,PRESERVED_VALID_ROW_NO_MUTATION,preserved_valid,preserved_valid_authoritative,keep,,,,56,100,False,1,keep_authoritative_first_per_canonical_key,REVIEW_ONLY_NO_DB_WRITE_NO_CANONICAL_MERGE,v027842_unique_final
VDF_Global_Commodity,stock_hk_hot_rank_detail_em::STEEL::证券代码,STEEL,2026-04-08,700.0,stock_hk_hot_rank_detail_em,C:\Users\tonyk\Downloads\VeritasIntelligenceAnalytics\dict\VDF\_active\VDF_AKSHARE_SMALL_SCOPE_CANDIDATE_SEED_STAGING_v0274_20260610_145643\staging\VDF_Global_Commodity_AkShare_Candidate_v0274.csv,VDF_Global_Commodity_AkShare_Candidate_v0274.csv,57,vdf_symbol_hint,时间,证券代码,vdf_source_function,VDF_Global_Commodity|stock_hk_hot_rank_detail_em::STEEL::证券代码|2026-04-08|stock_hk_hot_rank_detail_em,True,,599e171a4edfe6c6,FILELIST_CANONICALIZER_NO_DB_WRITE,PRESERVED_VALID_ROW_NO_MUTATION,preserved_valid,preserved_valid_authoritative,keep,,,,57,100,False,1,keep_authoritative_first_per_canonical_key,REVIEW_ONLY_NO_DB_WRITE_NO_CANONICAL_MERGE,v027842_unique_final
VDF_Global_Commodity,stock_hk_hot_rank_detail_em::STEEL::证券代码,STEEL,2026-04-09,700.0,stock_hk_hot_rank_detail_em,C:\Users\tonyk\Downloads\VeritasIntelligenceAnalytics\dict\VDF\_active\VDF_AKSHARE_SMALL_SCOPE_CANDIDATE_SEED_STAGING_v0274_20260610_145643\staging\VDF_Global_Commodity_AkShare_Candidate_v0274.csv,VDF_Global_Commodity_AkShare_Candidate_v0274.csv,58,vdf_symbol_hint,时间,证券代码,vdf_source_function,VDF_Global_Commodity|stock_hk_hot_rank_detail_em::STEEL::证券代码|2026-04-09|stock_hk_hot_rank_detail_em,True,,6b5891a6f8f0f815,FILELIST_CANONICALIZER_NO_DB_WRITE,PRESERVED_VALID_ROW_NO_MUTATION,preserved_valid,preserved_valid_authoritative,keep,,,,58,100,False,1,keep_authoritative_first_per_canonical_key,REVIEW_ONLY_NO_DB_WRITE_NO_CANONICAL_MERGE,v027842_unique_final
VDF_Global_Commodity,stock_hk_hot_rank_detail_em::STEEL::证券代码,STEEL,2026-04-10,700.0,stock_hk_hot_rank_detail_em,C:\Users\tonyk\Downloads\VeritasIntelligenceAnalytics\dict\VDF\_active\VDF_AKSHARE_SMALL_SCOPE_CANDIDATE_SEED_STAGING_v0274_20260610_145643\staging\VDF_Global_Commodity_AkShare_Candidate_v0274.csv,VDF_Global_Commodity_AkShare_Candidate_v0274.csv,59,vdf_symbol_hint,时间,证券代码,vdf_source_function,VDF_Global_Commodity|stock_hk_hot_rank_detail_em::STEEL::证券代码|2026-04-10|stock_hk_hot_rank_detail_em,True,,1e9313a8a8b7c5b4,FILELIST_CANONICALIZER_NO_DB_WRITE,PRESERVED_VALID_ROW_NO_MUTATION,preserved_valid,preserved_valid_authoritative,keep,,,,59,100,False,1,keep_authoritative_first_per_canonical_key,REVIEW_ONLY_NO_DB_WRITE_NO_CANONICAL_MERGE,v027842_unique_final
VDF_Global_Commodity,stock_hk_hot_rank_detail_em::STEEL::证券代码,STEEL,2026-04-11,700.0,stock_hk_hot_rank_detail_em,C:\Users\tonyk\Downloads\VeritasIntelligenceAnalytics\dict\VDF\_active\VDF_AKSHARE_SMALL_SCOPE_CANDIDATE_SEED_STAGING_v0274_20260610_145643\staging\VDF_Global_Commodity_AkShare_Candidate_v0274.csv,VDF_Global_Commodity_AkShare_Candidate_v0274.csv,60,vdf_symbol_hint,时间,证券代码,vdf_source_function,VDF_Global_Commodity|stock_hk_hot_rank_detail_em::STEEL::证券代码|2026-04-11|stock_hk_hot_rank_detail_em,True,,0664ea845521277e,FILELIST_CANONICALIZER_NO_DB_WRITE,PRESERVED_VALID_ROW_NO_MUTATION,preserved_valid,preserved_valid_authoritative,keep,,,,60,100,False,1,keep_authoritative_first_per_canonical_key,REVIEW_ONLY_NO_DB_WRITE_NO_CANONICAL_MERGE,v027842_unique_final
VDF_Global_Commodity,stock_hk_hot_rank_detail_em::STEEL::证券代码,STEEL,2026-04-12,700.0,stock_hk_hot_rank_detail_em,C:\Users\tonyk\Downloads\VeritasIntelligenceAnalytics\dict\VDF\_active\VDF_AKSHARE_SMALL_SCOPE_CANDIDATE_SEED_STAGING_v0274_20260610_145643\staging\VDF_Global_Commodity_AkShare_Candidate_v0274.csv,VDF_Global_Commodity_AkShare_Candidate_v0274.csv,61,vdf_symbol_hint,时间,证券代码,vdf_source_function,VDF_Global_Commodity|stock_hk_hot_rank_detail_em::STEEL::证券代码|2026-04-12|stock_hk_hot_rank_detail_em,True,,25678f9be8782d31,FILELIST_CANONICALIZER_NO_DB_WRITE,PRESERVED_VALID_ROW_NO_MUTATION,preserved_valid,preserved_valid_authoritative,keep,,,,61,100,False,1,keep_authoritative_first_per_canonical_key,REVIEW_ONLY_NO_DB_WRITE_NO_CANONICAL_MERGE,v027842_unique_final
VDF_Global_Commodity,stock_hk_hot_rank_detail_em::STEEL::证券代码,STEEL,2026-04-13,700.0,stock_hk_hot_rank_detail_em,C:\Users\tonyk\Downloads\VeritasIntelligenceAnalytics\dict\VDF\_active\VDF_AKSHARE_SMALL_SCOPE_CANDIDATE_SEED_STAGING_v0274_20260610_145643\staging\VDF_Global_Commodity_AkShare_Candidate_v0274.csv,VDF_Global_Commodity_AkShare_Candidate_v0274.csv,62,vdf_symbol_hint,时间,证券代码,vdf_source_function,VDF_Global_Commodity|stock_hk_hot_rank_detail_em::STEEL::证券代码|2026-04-13|stock_hk_hot_rank_detail_em,True,,49d7f012a54eabf4,FILELIST_CANONICALIZER_NO_DB_WRITE,PRESERVED_VALID_ROW_NO_MUTATION,preserved_valid,preserved_valid_authoritative,keep,,,,62,100,False,1,keep_authoritative_first_per_canonical_key,REVIEW_ONLY_NO_DB_WRITE_NO_CANONICAL_MERGE,v027842_unique_final
VDF_Global_Commodity,stock_hk_hot_rank_detail_em::STEEL::证券代码,STEEL,2026-04-14,700.0,stock_hk_hot_rank_detail_em,C:\Users\tonyk\Downloads\VeritasIntelligenceAnalytics\dict\VDF\_active\VDF_AKSHARE_SMALL_SCOPE_CANDIDATE_SEED_STAGING_v0274_20260610_145643\staging\VDF_Global_Commodity_AkShare_Candidate_v0274.csv,VDF_Global_Commodity_AkShare_Candidate_v0274.csv,63,vdf_symbol_hint,时间,证券代码,vdf_source_function,VDF_Global_Commodity|stock_hk_hot_rank_detail_em::STEEL::证券代码|2026-04-14|stock_hk_hot_rank_detail_em,True,,3f16673b6069c577,FILELIST_CANONICALIZER_NO_DB_WRITE,PRESERVED_VALID_ROW_NO_MUTATION,preserved_valid,preserved_valid_authoritative,keep,,,,63,100,False,1,keep_authoritative_first_per_canonical_key,REVIEW_ONLY_NO_DB_WRITE_NO_CANONICAL_MERGE,v027842_unique_final
VDF_Global_Commodity,stock_hk_hot_rank_detail_em::STEEL::证券代码,STEEL,2026-04-15,700.0,stock_hk_hot_rank_detail_em,C:\Users\tonyk\Downloads\VeritasIntelligenceAnalytics\dict\VDF\_active\VDF_AKSHARE_SMALL_SCOPE_CANDIDATE_SEED_STAGING_v0274_20260610_145643\staging\VDF_Global_Commodity_AkShare_Candidate_v0274.csv,VDF_Global_Commodity_AkShare_Candidate_v0274.csv,64,vdf_symbol_hint,时间,证券代码,vdf_source_function,VDF_Global_Commodity|stock_hk_hot_rank_detail_em::STEEL::证券代码|2026-04-15|stock_hk_hot_rank_detail_em,True,,c87c176f2f92d9e6,FILELIST_CANONICALIZER_NO_DB_WRITE,PRESERVED_VALID_ROW_NO_MUTATION,preserved_valid,preserved_valid_authoritative,keep,,,,64,100,False,1,keep_authoritative_first_per_canonical_key,REVIEW_ONLY_NO_DB_WRITE_NO_CANONICAL_MERGE,v027842_unique_final
VDF_Global_Commodity,stock_hk_hot_rank_detail_em::STEEL::证券代码,STEEL,2026-04-16,700.0,stock_hk_hot_rank_detail_em,C:\Users\tonyk\Downloads\VeritasIntelligenceAnalytics\dict\VDF\_active\VDF_AKSHARE_SMALL_SCOPE_CANDIDATE_SEED_STAGING_v0274_20260610_145643\staging\VDF_Global_Commodity_AkShare_Candidate_v0274.csv,VDF_Global_Commodity_AkShare_Candidate_v0274.csv,65,vdf_symbol_hint,时间,证券代码,vdf_source_function,VDF_Global_Commodity|stock_hk_hot_rank_detail_em::STEEL::证券代码|2026-04-16|stock_hk_hot_rank_detail_em,True,,6e1a076796658908,FILELIST_CANONICALIZER_NO_DB_WRITE,PRESERVED_VALID_ROW_NO_MUTATION,preserved_valid,preserved_valid_authoritative,keep,,,,65,100,False,1,keep_authoritative_first_per_canonical_key,REVIEW_ONLY_NO_DB_WRITE_NO_CANONICAL_MERGE,v027842_unique_final
VDF_Global_Commodity,stock_hk_hot_rank_detail_em::STEEL::证券代码,STEEL,2026-04-17,700.0,stock_hk_hot_rank_detail_em,C:\Users\tonyk\Downloads\VeritasIntelligenceAnalytics\dict\VDF\_active\VDF_AKSHARE_SMALL_SCOPE_CANDIDATE_SEED_STAGING_v0274_20260610_145643\staging\VDF_Global_Commodity_AkShare_Candidate_v0274.csv,VDF_Global_Commodity_AkShare_Candidate_v0274.csv,66,vdf_symbol_hint,时间,证券代码,vdf_source_function,VDF_Global_Commodity|stock_hk_hot_rank_detail_em::STEEL::证券代码|2026-04-17|stock_hk_hot_rank_detail_em,True,,817d8c39d2984c6f,FILELIST_CANONICALIZER_NO_DB_WRITE,PRESERVED_VALID_ROW_NO_MUTATION,preserved_valid,preserved_valid_authoritative,keep,,,,66,100,False,1,keep_authoritative_first_per_canonical_key,REVIEW_ONLY_NO_DB_WRITE_NO_CANONICAL_MERGE,v027842_unique_final
VDF_Global_Commodity,stock_hk_hot_rank_detail_em::STEEL::证券代码,STEEL,2026-04-18,700.0,stock_hk_hot_rank_detail_em,C:\Users\tonyk\Downloads\VeritasIntelligenceAnalytics\dict\VDF\_active\VDF_AKSHARE_SMALL_SCOPE_CANDIDATE_SEED_STAGING_v0274_20260610_145643\staging\VDF_Global_Commodity_AkShare_Candidate_v0274.csv,VDF_Global_Commodity_AkShare_Candidate_v0274.csv,67,vdf_symbol_hint,时间,证券代码,vdf_source_function,VDF_Global_Commodity|stock_hk_hot_rank_detail_em::STEEL::证券代码|2026-04-18|stock_hk_hot_rank_detail_em,True,,cceb9e29fa779e02,FILELIST_CANONICALIZER_NO_DB_WRITE,PRESERVED_VALID_ROW_NO_MUTATION,preserved_valid,preserved_valid_authoritative,keep,,,,67,100,False,1,keep_authoritative_first_per_canonical_key,REVIEW_ONLY_NO_DB_WRITE_NO_CANONICAL_MERGE,v027842_unique_final
VDF_Global_Commodity,stock_hk_hot_rank_detail_em::STEEL::证券代码,STEEL,2026-04-19,700.0,stock_hk_hot_rank_detail_em,C:\Users\tonyk\Downloads\VeritasIntelligenceAnalytics\dict\VDF\_active\VDF_AKSHARE_SMALL_SCOPE_CANDIDATE_SEED_STAGING_v0274_20260610_145643\staging\VDF_Global_Commodity_AkShare_Candidate_v0274.csv,VDF_Global_Commodity_AkShare_Candidate_v0274.csv,68,vdf_symbol_hint,时间,证券代码,vdf_source_function,VDF_Global_Commodity|stock_hk_hot_rank_detail_em::STEEL::证券代码|2026-04-19|stock_hk_hot_rank_detail_em,True,,879f97c98516f873,FILELIST_CANONICALIZER_NO_DB_WRITE,PRESERVED_VALID_ROW_NO_MUTATION,preserved_valid,preserved_valid_authoritative,keep,,,,68,100,False,1,keep_authoritative_first_per_canonical_key,REVIEW_ONLY_NO_DB_WRITE_NO_CANONICAL_MERGE,v027842_unique_final
VDF_Global_Commodity,stock_hk_hot_rank_detail_em::STEEL::证券代码,STEEL,2026-04-20,700.0,stock_hk_hot_rank_detail_em,C:\Users\tonyk\Downloads\VeritasIntelligenceAnalytics\dict\VDF\_active\VDF_AKSHARE_SMALL_SCOPE_CANDIDATE_SEED_STAGING_v0274_20260610_145643\staging\VDF_Global_Commodity_AkShare_Candidate_v0274.csv,VDF_Global_Commodity_AkShare_Candidate_v0274.csv,69,vdf_symbol_hint,时间,证券代码,vdf_source_function,VDF_Global_Commodity|stock_hk_hot_rank_detail_em::STEEL::证券代码|2026-04-20|stock_hk_hot_rank_detail_em,True,,e2c8f3eb01c0824e,FILELIST_CANONICALIZER_NO_DB_WRITE,PRESERVED_VALID_ROW_NO_MUTATION,preserved_valid,preserved_valid_authoritative,keep,,,,69,100,False,1,keep_authoritative_first_per_canonical_key,REVIEW_ONLY_NO_DB_WRITE_NO_CANONICAL_MERGE,v027842_unique_final
VDF_Global_Commodity,stock_hk_hot_rank_detail_em::STEEL::证券代码,STEEL,2026-04-21,700.0,stock_hk_hot_rank_detail_em,C:\Users\tonyk\Downloads\VeritasIntelligenceAnalytics\dict\VDF\_active\VDF_AKSHARE_SMALL_SCOPE_CANDIDATE_SEED_STAGING_v0274_20260610_145643\staging\VDF_Global_Commodity_AkShare_Candidate_v0274.csv,VDF_Global_Commodity_AkShare_Candidate_v0274.csv,70,vdf_symbol_hint,时间,证券代码,vdf_source_function,VDF_Global_Commodity|stock_hk_hot_rank_detail_em::STEEL::证券代码|2026-04-21|stock_hk_hot_rank_detail_em,True,,306cf804d0c5866c,FILELIST_CANONICALIZER_NO_DB_WRITE,PRESERVED_VALID_ROW_NO_MUTATION,preserved_valid,preserved_valid_authoritative,keep,,,,70,100,False,1,keep_authoritative_first_per_canonical_key,REVIEW_ONLY_NO_DB_WRITE_NO_CANONICAL_MERGE,v027842_unique_final
VDF_Global_Commodity,stock_hk_hot_rank_detail_em::STEEL::证券代码,STEEL,2026-04-22,700.0,stock_hk_hot_rank_detail_em,C:\Users\tonyk\Downloads\VeritasIntelligenceAnalytics\dict\VDF\_active\VDF_AKSHARE_SMALL_SCOPE_CANDIDATE_SEED_STAGING_v0274_20260610_145643\staging\VDF_Global_Commodity_AkShare_Candidate_v0274.csv,VDF_Global_Commodity_AkShare_Candidate_v0274.csv,71,vdf_symbol_hint,时间,证券代码,vdf_source_function,VDF_Global_Commodity|stock_hk_hot_rank_detail_em::STEEL::证券代码|2026-04-22|stock_hk_hot_rank_detail_em,True,,908f083a834edeed,FILELIST_CANONICALIZER_NO_DB_WRITE,PRESERVED_VALID_ROW_NO_MUTATION,preserved_valid,preserved_valid_authoritative,keep,,,,71,100,False,1,keep_authoritative_first_per_canonical_key,REVIEW_ONLY_NO_DB_WRITE_NO_CANONICAL_MERGE,v027842_unique_final
VDF_Global_Commodity,stock_hk_hot_rank_detail_em::STEEL::证券代码,STEEL,2026-04-23,700.0,stock_hk_hot_rank_detail_em,C:\Users\tonyk\Downloads\VeritasIntelligenceAnalytics\dict\VDF\_active\VDF_AKSHARE_SMALL_SCOPE_CANDIDATE_SEED_STAGING_v0274_20260610_145643\staging\VDF_Global_Commodity_AkShare_Candidate_v0274.csv,VDF_Global_Commodity_AkShare_Candidate_v0274.csv,72,vdf_symbol_hint,时间,证券代码,vdf_source_function,VDF_Global_Commodity|stock_hk_hot_rank_detail_em::STEEL::证券代码|2026-04-23|stock_hk_hot_rank_detail_em,True,,cfa8425cc37af379,FILELIST_CANONICALIZER_NO_DB_WRITE,PRESERVED_VALID_ROW_NO_MUTATION,preserved_valid,preserved_valid_authoritative,keep,,,,72,100,False,1,keep_authoritative_first_per_canonical_key,REVIEW_ONLY_NO_DB_WRITE_NO_CANONICAL_MERGE,v027842_unique_final
VDF_Global_Commodity,stock_hk_hot_rank_detail_em::STEEL::证券代码,STEEL,2026-04-24,700.0,stock_hk_hot_rank_detail_em,C:\Users\tonyk\Downloads\VeritasIntelligenceAnalytics\dict\VDF\_active\VDF_AKSHARE_SMALL_SCOPE_CANDIDATE_SEED_STAGING_v0274_20260610_145643\staging\VDF_Global_Commodity_AkShare_Candidate_v0274.csv,VDF_Global_Commodity_AkShare_Candidate_v0274.csv,73,vdf_symbol_hint,时间,证券代码,vdf_source_function,VDF_Global_Commodity|stock_hk_hot_rank_detail_em::STEEL::证券代码|2026-04-24|stock_hk_hot_rank_detail_em,True,,41b3486b8619099b,FILELIST_CANONICALIZER_NO_DB_WRITE,PRESERVED_VALID_ROW_NO_MUTATION,preserved_valid,preserved_valid_authoritative,keep,,,,73,100,False,1,keep_authoritative_first_per_canonical_key,REVIEW_ONLY_NO_DB_WRITE_NO_CANONICAL_MERGE,v027842_unique_final
VDF_Global_Commodity,stock_hk_hot_rank_detail_em::STEEL::证券代码,STEEL,2026-04-25,700.0,stock_hk_hot_rank_detail_em,C:\Users\tonyk\Downloads\VeritasIntelligenceAnalytics\dict\VDF\_active\VDF_AKSHARE_SMALL_SCOPE_CANDIDATE_SEED_STAGING_v0274_20260610_145643\staging\VDF_Global_Commodity_AkShare_Candidate_v0274.csv,VDF_Global_Commodity_AkShare_Candidate_v0274.csv,74,vdf_symbol_hint,时间,证券代码,vdf_source_function,VDF_Global_Commodity|stock_hk_hot_rank_detail_em::STEEL::证券代码|2026-04-25|stock_hk_hot_rank_detail_em,True,,9ad3659ebd631a31,FILELIST_CANONICALIZER_NO_DB_WRITE,PRESERVED_VALID_ROW_NO_MUTATION,preserved_valid,preserved_valid_authoritative,keep,,,,74,100,False,1,keep_authoritative_first_per_canonical_key,REVIEW_ONLY_NO_DB_WRITE_NO_CANONICAL_MERGE,v027842_unique_final
VDF_Global_Commodity,stock_hk_hot_rank_detail_em::STEEL::证券代码,STEEL,2026-04-26,700.0,stock_hk_hot_rank_detail_em,C:\Users\tonyk\Downloads\VeritasIntelligenceAnalytics\dict\VDF\_active\VDF_AKSHARE_SMALL_SCOPE_CANDIDATE_SEED_STAGING_v0274_20260610_145643\staging\VDF_Global_Commodity_AkShare_Candidate_v0274.csv,VDF_Global_Commodity_AkShare_Candidate_v0274.csv,75,vdf_symbol_hint,时间,证券代码,vdf_source_function,VDF_Global_Commodity|stock_hk_hot_rank_detail_em::STEEL::证券代码|2026-04-26|stock_hk_hot_rank_detail_em,True,,9f5166e48a4269df,FILELIST_CANONICALIZER_NO_DB_WRITE,PRESERVED_VALID_ROW_NO_MUTATION,preserved_valid,preserved_valid_authoritative,keep,,,,75,100,False,1,keep_authoritative_first_per_canonical_key,REVIEW_ONLY_NO_DB_WRITE_NO_CANONICAL_MERGE,v027842_unique_final
VDF_Global_Commodity,stock_hk_hot_rank_detail_em::STEEL::证券代码,STEEL,2026-04-27,700.0,stock_hk_hot_rank_detail_em,C:\Users\tonyk\Downloads\VeritasIntelligenceAnalytics\dict\VDF\_active\VDF_AKSHARE_SMALL_SCOPE_CANDIDATE_SEED_STAGING_v0274_20260610_145643\staging\VDF_Global_Commodity_AkShare_Candidate_v0274.csv,VDF_Global_Commodity_AkShare_Candidate_v0274.csv,76,vdf_symbol_hint,时间,证券代码,vdf_source_function,VDF_Global_Commodity|stock_hk_hot_rank_detail_em::STEEL::证券代码|2026-04-27|stock_hk_hot_rank_detail_em,True,,41bd58c55df073cf,FILELIST_CANONICALIZER_NO_DB_WRITE,PRESERVED_VALID_ROW_NO_MUTATION,preserved_valid,preserved_valid_authoritative,keep,,,,76,100,False,1,keep_authoritative_first_per_canonical_key,REVIEW_ONLY_NO_DB_WRITE_NO_CANONICAL_MERGE,v027842_unique_final
VDF_Global_Commodity,stock_hk_hot_rank_detail_em::STEEL::证券代码,STEEL,2026-04-28,700.0,stock_hk_hot_rank_detail_em,C:\Users\tonyk\Downloads\VeritasIntelligenceAnalytics\dict\VDF\_active\VDF_AKSHARE_SMALL_SCOPE_CANDIDATE_SEED_STAGING_v0274_20260610_145643\staging\VDF_Global_Commodity_AkShare_Candidate_v0274.csv,VDF_Global_Commodity_AkShare_Candidate_v0274.csv,77,vdf_symbol_hint,时间,证券代码,vdf_source_function,VDF_Global_Commodity|stock_hk_hot_rank_detail_em::STEEL::证券代码|2026-04-28|stock_hk_hot_rank_detail_em,True,,f3d66af84beffb8d,FILELIST_CANONICALIZER_NO_DB_WRITE,PRESERVED_VALID_ROW_NO_MUTATION,preserved_valid,preserved_valid_authoritative,keep,,,,77,100,False,1,keep_authoritative_first_per_canonical_key,REVIEW_ONLY_NO_DB_WRITE_NO_CANONICAL_MERGE,v027842_unique_final
VDF_Global_Commodity,stock_hk_hot_rank_detail_em::STEEL::证券代码,STEEL,2026-04-29,700.0,stock_hk_hot_rank_detail_em,C:\Users\tonyk\Downloads\VeritasIntelligenceAnalytics\dict\VDF\_active\VDF_AKSHARE_SMALL_SCOPE_CANDIDATE_SEED_STAGING_v0274_20260610_145643\staging\VDF_Global_Commodity_AkShare_Candidate_v0274.csv,VDF_Global_Commodity_AkShare_Candidate_v0274.csv,78,vdf_symbol_hint,时间,证券代码,vdf_source_function,VDF_Global_Commodity|stock_hk_hot_rank_detail_em::STEEL::证券代码|2026-04-29|stock_hk_hot_rank_detail_em,True,,9ffc9068eb894020,FILELIST_CANONICALIZER_NO_DB_WRITE,PRESERVED_VALID_ROW_NO_MUTATION,preserved_valid,preserved_valid_authoritative,keep,,,,78,100,False,1,keep_authoritative_first_per_canonical_key,REVIEW_ONLY_NO_DB_WRITE_NO_CANONICAL_MERGE,v027842_unique_final
VDF_Global_Commodity,stock_hk_hot_rank_detail_em::STEEL::证券代码,STEEL,2026-04-30,700.0,stock_hk_hot_rank_detail_em,C:\Users\tonyk\Downloads\VeritasIntelligenceAnalytics\dict\VDF\_active\VDF_AKSHARE_SMALL_SCOPE_CANDIDATE_SEED_STAGING_v0274_20260610_145643\staging\VDF_Global_Commodity_AkShare_Candidate_v0274.csv,VDF_Global_Commodity_AkShare_Candidate_v0274.csv,79,vdf_symbol_hint,时间,证券代码,vdf_source_function,VDF_Global_Commodity|stock_hk_hot_rank_detail_em::STEEL::证券代码|2026-04-30|stock_hk_hot_rank_detail_em,True,,e217a2f253859eb7,FILELIST_CANONICALIZER_NO_DB_WRITE,PRESERVED_VALID_ROW_NO_MUTATION,preserved_valid,preserved_valid_authoritative,keep,,,,79,100,False,1,keep_authoritative_first_per_canonical_key,REVIEW_ONLY_NO_DB_WRITE_NO_CANONICAL_MERGE,v027842_unique_final
VDF_Global_Commodity,stock_hk_hot_rank_detail_em::STEEL::证券代码,STEEL,2026-05-01,700.0,stock_hk_hot_rank_detail_em,C:\Users\tonyk\Downloads\VeritasIntelligenceAnalytics\dict\VDF\_active\VDF_AKSHARE_SMALL_SCOPE_CANDIDATE_SEED_STAGING_v0274_20260610_145643\staging\VDF_Global_Commodity_AkShare_Candidate_v0274.csv,VDF_Global_Commodity_AkShare_Candidate_v0274.csv,80,vdf_symbol_hint,时间,证券代码,vdf_source_function,VDF_Global_Commodity|stock_hk_hot_rank_detail_em::STEEL::证券代码|2026-05-01|stock_hk_hot_rank_detail_em,True,,8c7841311c11344d,FILELIST_CANONICALIZER_NO_DB_WRITE,PRESERVED_VALID_ROW_NO_MUTATION,preserved_valid,preserved_valid_authoritative,keep,,,,80,100,False,1,keep_authoritative_first_per_canonical_key,REVIEW_ONLY_NO_DB_WRITE_NO_CANONICAL_MERGE,v027842_unique_final
VDF_Global_Commodity,stock_hk_hot_rank_detail_em::STEEL::证券代码,STEEL,2026-05-02,700.0,stock_hk_hot_rank_detail_em,C:\Users\tonyk\Downloads\VeritasIntelligenceAnalytics\dict\VDF\_active\VDF_AKSHARE_SMALL_SCOPE_CANDIDATE_SEED_STAGING_v0274_20260610_145643\staging\VDF_Global_Commodity_AkShare_Candidate_v0274.csv,VDF_Global_Commodity_AkShare_Candidate_v0274.csv,81,vdf_symbol_hint,时间,证券代码,vdf_source_function,VDF_Global_Commodity|stock_hk_hot_rank_detail_em::STEEL::证券代码|2026-05-02|stock_hk_hot_rank_detail_em,True,,0af0501fa111e756,FILELIST_CANONICALIZER_NO_DB_WRITE,PRESERVED_VALID_ROW_NO_MUTATION,preserved_valid,preserved_valid_authoritative,keep,,,,81,100,False,1,keep_authoritative_first_per_canonical_key,REVIEW_ONLY_NO_DB_WRITE_NO_CANONICAL_MERGE,v027842_unique_final
VDF_Global_Commodity,stock_hk_hot_rank_detail_em::STEEL::证券代码,STEEL,2026-05-03,700.0,stock_hk_hot_rank_detail_em,C:\Users\tonyk\Downloads\VeritasIntelligenceAnalytics\dict\VDF\_active\VDF_AKSHARE_SMALL_SCOPE_CANDIDATE_SEED_STAGING_v0274_20260610_145643\staging\VDF_Global_Commodity_AkShare_Candidate_v0274.csv,VDF_Global_Commodity_AkShare_Candidate_v0274.csv,82,vdf_symbol_hint,时间,证券代码,vdf_source_function,VDF_Global_Commodity|stock_hk_hot_rank_detail_em::STEEL::证券代码|2026-05-03|stock_hk_hot_rank_detail_em,True,,240d518155fafea3,FILELIST_CANONICALIZER_NO_DB_WRITE,PRESERVED_VALID_ROW_NO_MUTATION,preserved_valid,preserved_valid_authoritative,keep,,,,82,100,False,1,keep_authoritative_first_per_canonical_key,REVIEW_ONLY_NO_DB_WRITE_NO_CANONICAL_MERGE,v027842_unique_final
VDF_Global_Commodity,stock_hk_hot_rank_detail_em::STEEL::证券代码,STEEL,2026-05-04,700.0,stock_hk_hot_rank_detail_em,C:\Users\tonyk\Downloads\VeritasIntelligenceAnalytics\dict\VDF\_active\VDF_AKSHARE_SMALL_SCOPE_CANDIDATE_SEED_STAGING_v0274_20260610_145643\staging\VDF_Global_Commodity_AkShare_Candidate_v0274.csv,VDF_Global_Commodity_AkShare_Candidate_v0274.csv,83,vdf_symbol_hint,时间,证券代码,vdf_source_function,VDF_Global_Commodity|stock_hk_hot_rank_detail_em::STEEL::证券代码|2026-05-04|stock_hk_hot_rank_detail_em,True,,d4a5c5b47af847d1,FILELIST_CANONICALIZER_NO_DB_WRITE,PRESERVED_VALID_ROW_NO_MUTATION,preserved_valid,preserved_valid_authoritative,keep,,,,83,100,False,1,keep_authoritative_first_per_canonical_key,REVIEW_ONLY_NO_DB_WRITE_NO_CANONICAL_MERGE,v027842_unique_final
VDF_Global_Commodity,stock_hk_hot_rank_detail_em::STEEL::证券代码,STEEL,2026-05-05,700.0,stock_hk_hot_rank_detail_em,C:\Users\tonyk\Downloads\VeritasIntelligenceAnalytics\dict\VDF\_active\VDF_AKSHARE_SMALL_SCOPE_CANDIDATE_SEED_STAGING_v0274_20260610_145643\staging\VDF_Global_Commodity_AkShare_Candidate_v0274.csv,VDF_Global_Commodity_AkShare_Candidate_v0274.csv,84,vdf_symbol_hint,时间,证券代码,vdf_source_function,VDF_Global_Commodity|stock_hk_hot_rank_detail_em::STEEL::证券代码|2026-05-05|stock_hk_hot_rank_detail_em,True,,428ae196c8248b3c,FILELIST_CANONICALIZER_NO_DB_WRITE,PRESERVED_VALID_ROW_NO_MUTATION,preserved_valid,preserved_valid_authoritative,keep,,,,84,100,False,1,keep_authoritative_first_per_canonical_key,REVIEW_ONLY_NO_DB_WRITE_NO_CANONICAL_MERGE,v027842_unique_final
VDF_Global_Commodity,stock_hk_hot_rank_detail_em::STEEL::证券代码,STEEL,2026-05-06,700.0,stock_hk_hot_rank_detail_em,C:\Users\tonyk\Downloads\VeritasIntelligenceAnalytics\dict\VDF\_active\VDF_AKSHARE_SMALL_SCOPE_CANDIDATE_SEED_STAGING_v0274_20260610_145643\staging\VDF_Global_Commodity_AkShare_Candidate_v0274.csv,VDF_Global_Commodity_AkShare_Candidate_v0274.csv,85,vdf_symbol_hint,时间,证券代码,vdf_source_function,VDF_Global_Commodity|stock_hk_hot_rank_detail_em::STEEL::证券代码|2026-05-06|stock_hk_hot_rank_detail_em,True,,d521fd6dc88b74ca,FILELIST_CANONICALIZER_NO_DB_WRITE,PRESERVED_VALID_ROW_NO_MUTATION,preserved_valid,preserved_valid_authoritative,keep,,,,85,100,False,1,keep_authoritative_first_per_canonical_key,REVIEW_ONLY_NO_DB_WRITE_NO_CANONICAL_MERGE,v027842_unique_final
VDF_Global_Commodity,stock_hk_hot_rank_detail_em::STEEL::证券代码,STEEL,2026-05-07,700.0,stock_hk_hot_rank_detail_em,C:\Users\tonyk\Downloads\VeritasIntelligenceAnalytics\dict\VDF\_active\VDF_AKSHARE_SMALL_SCOPE_CANDIDATE_SEED_STAGING_v0274_20260610_145643\staging\VDF_Global_Commodity_AkShare_Candidate_v0274.csv,VDF_Global_Commodity_AkShare_Candidate_v0274.csv,86,vdf_symbol_hint,时间,证券代码,vdf_source_function,VDF_Global_Commodity|stock_hk_hot_rank_detail_em::STEEL::证券代码|2026-05-07|stock_hk_hot_rank_detail_em,True,,f789e8dcd37882bd,FILELIST_CANONICALIZER_NO_DB_WRITE,PRESERVED_VALID_ROW_NO_MUTATION,preserved_valid,preserved_valid_authoritative,keep,,,,86,100,False,1,keep_authoritative_first_per_canonical_key,REVIEW_ONLY_NO_DB_WRITE_NO_CANONICAL_MERGE,v027842_unique_final
VDF_Global_Commodity,stock_hk_hot_rank_detail_em::STEEL::证券代码,STEEL,2026-05-08,700.0,stock_hk_hot_rank_detail_em,C:\Users\tonyk\Downloads\VeritasIntelligenceAnalytics\dict\VDF\_active\VDF_AKSHARE_SMALL_SCOPE_CANDIDATE_SEED_STAGING_v0274_20260610_145643\staging\VDF_Global_Commodity_AkShare_Candidate_v0274.csv,VDF_Global_Commodity_AkShare_Candidate_v0274.csv,87,vdf_symbol_hint,时间,证券代码,vdf_source_function,VDF_Global_Commodity|stock_hk_hot_rank_detail_em::STEEL::证券代码|2026-05-08|stock_hk_hot_rank_detail_em,True,,0f4932cd4a49eb25,FILELIST_CANONICALIZER_NO_DB_WRITE,PRESERVED_VALID_ROW_NO_MUTATION,preserved_valid,preserved_valid_authoritative,keep,,,,87,100,False,1,keep_authoritative_first_per_canonical_key,REVIEW_ONLY_NO_DB_WRITE_NO_CANONICAL_MERGE,v027842_unique_final
VDF_Global_Commodity,stock_hk_hot_rank_detail_em::STEEL::证券代码,STEEL,2026-05-09,700.0,stock_hk_hot_rank_detail_em,C:\Users\tonyk\Downloads\VeritasIntelligenceAnalytics\dict\VDF\_active\VDF_AKSHARE_SMALL_SCOPE_CANDIDATE_SEED_STAGING_v0274_20260610_145643\staging\VDF_Global_Commodity_AkShare_Candidate_v0274.csv,VDF_Global_Commodity_AkShare_Candidate_v0274.csv,88,vdf_symbol_hint,时间,证券代码,vdf_source_function,VDF_Global_Commodity|stock_hk_hot_rank_detail_em::STEEL::证券代码|2026-05-09|stock_hk_hot_rank_detail_em,True,,a2adc0b12104c2c5,FILELIST_CANONICALIZER_NO_DB_WRITE,PRESERVED_VALID_ROW_NO_MUTATION,preserved_valid,preserved_valid_authoritative,keep,,,,88,100,False,1,keep_authoritative_first_per_canonical_key,REVIEW_ONLY_NO_DB_WRITE_NO_CANONICAL_MERGE,v027842_unique_final
VDF_Global_Commodity,stock_hk_hot_rank_detail_em::STEEL::证券代码,STEEL,2026-05-10,700.0,stock_hk_hot_rank_detail_em,C:\Users\tonyk\Downloads\VeritasIntelligenceAnalytics\dict\VDF\_active\VDF_AKSHARE_SMALL_SCOPE_CANDIDATE_SEED_STAGING_v0274_20260610_145643\staging\VDF_Global_Commodity_AkShare_Candidate_v0274.csv,VDF_Global_Commodity_AkShare_Candidate_v0274.csv,89,vdf_symbol_hint,时间,证券代码,vdf_source_function,VDF_Global_Commodity|stock_hk_hot_rank_detail_em::STEEL::证券代码|2026-05-10|stock_hk_hot_rank_detail_em,True,,49d39363a2692b13,FILELIST_CANONICALIZER_NO_DB_WRITE,PRESERVED_VALID_ROW_NO_MUTATION,preserved_valid,preserved_valid_authoritative,keep,,,,89,100,False,1,keep_authoritative_first_per_canonical_key,REVIEW_ONLY_NO_DB_WRITE_NO_CANONICAL_MERGE,v027842_unique_final
VDF_Global_Commodity,stock_hk_hot_rank_detail_em::STEEL::证券代码,STEEL,2026-05-11,700.0,stock_hk_hot_rank_detail_em,C:\Users\tonyk\Downloads\VeritasIntelligenceAnalytics\dict\VDF\_active\VDF_AKSHARE_SMALL_SCOPE_CANDIDATE_SEED_STAGING_v0274_20260610_145643\staging\VDF_Global_Commodity_AkShare_Candidate_v0274.csv,VDF_Global_Commodity_AkShare_Candidate_v0274.csv,90,vdf_symbol_hint,时间,证券代码,vdf_source_function,VDF_Global_Commodity|stock_hk_hot_rank_detail_em::STEEL::证券代码|2026-05-11|stock_hk_hot_rank_detail_em,True,,9e4d060e65a47988,FILELIST_CANONICALIZER_NO_DB_WRITE,PRESERVED_VALID_ROW_NO_MUTATION,preserved_valid,preserved_valid_authoritative,keep,,,,90,100,False,1,keep_authoritative_first_per_canonical_key,REVIEW_ONLY_NO_DB_WRITE_NO_CANONICAL_MERGE,v027842_unique_final
VDF_Global_Commodity,stock_hk_hot_rank_detail_em::STEEL::证券代码,STEEL,2026-05-12,700.0,stock_hk_hot_rank_detail_em,C:\Users\tonyk\Downloads\VeritasIntelligenceAnalytics\dict\VDF\_active\VDF_AKSHARE_SMALL_SCOPE_CANDIDATE_SEED_STAGING_v0274_20260610_145643\staging\VDF_Global_Commodity_AkShare_Candidate_v0274.csv,VDF_Global_Commodity_AkShare_Candidate_v0274.csv,91,vdf_symbol_hint,时间,证券代码,vdf_source_function,VDF_Global_Commodity|stock_hk_hot_rank_detail_em::STEEL::证券代码|2026-05-12|stock_hk_hot_rank_detail_em,True,,0da46ad91e4f7a6c,FILELIST_CANONICALIZER_NO_DB_WRITE,PRESERVED_VALID_ROW_NO_MUTATION,preserved_valid,preserved_valid_authoritative,keep,,,,91,100,False,1,keep_authoritative_first_per_canonical_key,REVIEW_ONLY_NO_DB_WRITE_NO_CANONICAL_MERGE,v027842_unique_final
VDF_Global_Commodity,stock_hk_hot_rank_detail_em::STEEL::证券代码,STEEL,2026-05-13,700.0,stock_hk_hot_rank_detail_em,C:\Users\tonyk\Downloads\VeritasIntelligenceAnalytics\dict\VDF\_active\VDF_AKSHARE_SMALL_SCOPE_CANDIDATE_SEED_STAGING_v0274_20260610_145643\staging\VDF_Global_Commodity_AkShare_Candidate_v0274.csv,VDF_Global_Commodity_AkShare_Candidate_v0274.csv,92,vdf_symbol_hint,时间,证券代码,vdf_source_function,VDF_Global_Commodity|stock_hk_hot_rank_detail_em::STEEL::证券代码|2026-05-13|stock_hk_hot_rank_detail_em,True,,a073c1133ac19972,FILELIST_CANONICALIZER_NO_DB_WRITE,PRESERVED_VALID_ROW_NO_MUTATION,preserved_valid,preserved_valid_authoritative,keep,,,,92,100,False,1,keep_authoritative_first_per_canonical_key,REVIEW_ONLY_NO_DB_WRITE_NO_CANONICAL_MERGE,v027842_unique_final
VDF_Global_Commodity,stock_hk_hot_rank_detail_em::STEEL::证券代码,STEEL,2026-05-14,700.0,stock_hk_hot_rank_detail_em,C:\Users\tonyk\Downloads\VeritasIntelligenceAnalytics\dict\VDF\_active\VDF_AKSHARE_SMALL_SCOPE_CANDIDATE_SEED_STAGING_v0274_20260610_145643\staging\VDF_Global_Commodity_AkShare_Candidate_v0274.csv,VDF_Global_Commodity_AkShare_Candidate_v0274.csv,93,vdf_symbol_hint,时间,证券代码,vdf_source_function,VDF_Global_Commodity|stock_hk_hot_rank_detail_em::STEEL::证券代码|2026-05-14|stock_hk_hot_rank_detail_em,True,,4efc8970588b4b74,FILELIST_CANONICALIZER_NO_DB_WRITE,PRESERVED_VALID_ROW_NO_MUTATION,preserved_valid,preserved_valid_authoritative,keep,,,,93,100,False,1,keep_authoritative_first_per_canonical_key,REVIEW_ONLY_NO_DB_WRITE_NO_CANONICAL_MERGE,v027842_unique_final
VDF_Global_Commodity,stock_hk_hot_rank_detail_em::STEEL::证券代码,STEEL,2026-05-15,700.0,stock_hk_hot_rank_detail_em,C:\Users\tonyk\Downloads\VeritasIntelligenceAnalytics\dict\VDF\_active\VDF_AKSHARE_SMALL_SCOPE_CANDIDATE_SEED_STAGING_v0274_20260610_145643\staging\VDF_Global_Commodity_AkShare_Candidate_v0274.csv,VDF_Global_Commodity_AkShare_Candidate_v0274.csv,94,vdf_symbol_hint,时间,证券代码,vdf_source_function,VDF_Global_Commodity|stock_hk_hot_rank_detail_em::STEEL::证券代码|2026-05-15|stock_hk_hot_rank_detail_em,True,,5400a753dc9e06c1,FILELIST_CANONICALIZER_NO_DB_WRITE,PRESERVED_VALID_ROW_NO_MUTATION,preserved_valid,preserved_valid_authoritative,keep,,,,94,100,False,1,keep_authoritative_first_per_canonical_key,REVIEW_ONLY_NO_DB_WRITE_NO_CANONICAL_MERGE,v027842_unique_final
VDF_Global_Commodity,stock_hk_hot_rank_detail_em::STEEL::证券代码,STEEL,2026-05-16,700.0,stock_hk_hot_rank_detail_em,C:\Users\tonyk\Downloads\VeritasIntelligenceAnalytics\dict\VDF\_active\VDF_AKSHARE_SMALL_SCOPE_CANDIDATE_SEED_STAGING_v0274_20260610_145643\staging\VDF_Global_Commodity_AkShare_Candidate_v0274.csv,VDF_Global_Commodity_AkShare_Candidate_v0274.csv,95,vdf_symbol_hint,时间,证券代码,vdf_source_function,VDF_Global_Commodity|stock_hk_hot_rank_detail_em::STEEL::证券代码|2026-05-16|stock_hk_hot_rank_detail_em,True,,0d0e93f51bf9ffd1,FILELIST_CANONICALIZER_NO_DB_WRITE,PRESERVED_VALID_ROW_NO_MUTATION,preserved_valid,preserved_valid_authoritative,keep,,,,95,100,False,1,keep_authoritative_first_per_canonical_key,REVIEW_ONLY_NO_DB_WRITE_NO_CANONICAL_MERGE,v027842_unique_final
VDF_Global_Commodity,stock_hk_hot_rank_detail_em::STEEL::证券代码,STEEL,2026-05-17,700.0,stock_hk_hot_rank_detail_em,C:\Users\tonyk\Downloads\VeritasIntelligenceAnalytics\dict\VDF\_active\VDF_AKSHARE_SMALL_SCOPE_CANDIDATE_SEED_STAGING_v0274_20260610_145643\staging\VDF_Global_Commodity_AkShare_Candidate_v0274.csv,VDF_Global_Commodity_AkShare_Candidate_v0274.csv,96,vdf_symbol_hint,时间,证券代码,vdf_source_function,VDF_Global_Commodity|stock_hk_hot_rank_detail_em::STEEL::证券代码|2026-05-17|stock_hk_hot_rank_detail_em,True,,4e978cceb09ca9eb,FILELIST_CANONICALIZER_NO_DB_WRITE,PRESERVED_VALID_ROW_NO_MUTATION,preserved_valid,preserved_valid_authoritative,keep,,,,96,100,False,1,keep_authoritative_first_per_canonical_key,REVIEW_ONLY_NO_DB_WRITE_NO_CANONICAL_MERGE,v027842_unique_final
VDF_Global_Commodity,stock_hk_hot_rank_detail_em::STEEL::证券代码,STEEL,2026-05-18,700.0,stock_hk_hot_rank_detail_em,C:\Users\tonyk\Downloads\VeritasIntelligenceAnalytics\dict\VDF\_active\VDF_AKSHARE_SMALL_SCOPE_CANDIDATE_SEED_STAGING_v0274_20260610_145643\staging\VDF_Global_Commodity_AkShare_Candidate_v0274.csv,VDF_Global_Commodity_AkShare_Candidate_v0274.csv,97,vdf_symbol_hint,时间,证券代码,vdf_source_function,VDF_Global_Commodity|stock_hk_hot_rank_detail_em::STEEL::证券代码|2026-05-18|stock_hk_hot_rank_detail_em,True,,a724961b9a5977f8,FILELIST_CANONICALIZER_NO_DB_WRITE,PRESERVED_VALID_ROW_NO_MUTATION,preserved_valid,preserved_valid_authoritative,keep,,,,97,100,False,1,keep_authoritative_first_per_canonical_key,REVIEW_ONLY_NO_DB_WRITE_NO_CANONICAL_MERGE,v027842_unique_final
VDF_Global_Commodity,stock_hk_hot_rank_detail_em::STEEL::证券代码,STEEL,2026-05-19,700.0,stock_hk_hot_rank_detail_em,C:\Users\tonyk\Downloads\VeritasIntelligenceAnalytics\dict\VDF\_active\VDF_AKSHARE_SMALL_SCOPE_CANDIDATE_SEED_STAGING_v0274_20260610_145643\staging\VDF_Global_Commodity_AkShare_Candidate_v0274.csv,VDF_Global_Commodity_AkShare_Candidate_v0274.csv,98,vdf_symbol_hint,时间,证券代码,vdf_source_function,VDF_Global_Commodity|stock_hk_hot_rank_detail_em::STEEL::证券代码|2026-05-19|stock_hk_hot_rank_detail_em,True,,586c857bc9888280,FILELIST_CANONICALIZER_NO_DB_WRITE,PRESERVED_VALID_ROW_NO_MUTATION,preserved_valid,preserved_valid_authoritative,keep,,,,98,100,False,1,keep_authoritative_first_per_canonical_key,REVIEW_ONLY_NO_DB_WRITE_NO_CANONICAL_MERGE,v027842_unique_final
VDF_Global_Commodity,stock_hk_hot_rank_detail_em::STEEL::证券代码,STEEL,2026-05-20,700.0,stock_hk_hot_rank_detail_em,C:\Users\tonyk\Downloads\VeritasIntelligenceAnalytics\dict\VDF\_active\VDF_AKSHARE_SMALL_SCOPE_CANDIDATE_SEED_STAGING_v0274_20260610_145643\staging\VDF_Global_Commodity_AkShare_Candidate_v0274.csv,VDF_Global_Commodity_AkShare_Candidate_v0274.csv,99,vdf_symbol_hint,时间,证券代码,vdf_source_function,VDF_Global_Commodity|stock_hk_hot_rank_detail_em::STEEL::证券代码|2026-05-20|stock_hk_hot_rank_detail_em,True,,d19ebb1a4d3cd812,FILELIST_CANONICALIZER_NO_DB_WRITE,PRESERVED_VALID_ROW_NO_MUTATION,preserved_valid,preserved_valid_authoritative,keep,,,,99,100,False,1,keep_authoritative_first_per_canonical_key,REVIEW_ONLY_NO_DB_WRITE_NO_CANONICAL_MERGE,v027842_unique_final
VDF_Global_Commodity,stock_hk_hot_rank_detail_em::STEEL::证券代码,STEEL,2026-05-21,700.0,stock_hk_hot_rank_detail_em,C:\Users\tonyk\Downloads\VeritasIntelligenceAnalytics\dict\VDF\_active\VDF_AKSHARE_SMALL_SCOPE_CANDIDATE_SEED_STAGING_v0274_20260610_145643\staging\VDF_Global_Commodity_AkShare_Candidate_v0274.csv,VDF_Global_Commodity_AkShare_Candidate_v0274.csv,100,vdf_symbol_hint,时间,证券代码,vdf_source_function,VDF_Global_Commodity|stock_hk_hot_rank_detail_em::STEEL::证券代码|2026-05-21|stock_hk_hot_rank_detail_em,True,,e6a55faf4613c40d,FILELIST_CANONICALIZER_NO_DB_WRITE,PRESERVED_VALID_ROW_NO_MUTATION,preserved_valid,preserved_valid_authoritative,keep,,,,100,100,False,1,keep_authoritative_first_per_canonical_key,REVIEW_ONLY_NO_DB_WRITE_NO_CANONICAL_MERGE,v027842_unique_final
VDF_Global_Commodity,stock_hk_hot_rank_detail_em::STEEL::证券代码,STEEL,2026-05-22,700.0,stock_hk_hot_rank_detail_em,C:\Users\tonyk\Downloads\VeritasIntelligenceAnalytics\dict\VDF\_active\VDF_AKSHARE_SMALL_SCOPE_CANDIDATE_SEED_STAGING_v0274_20260610_145643\staging\VDF_Global_Commodity_AkShare_Candidate_v0274.csv,VDF_Global_Commodity_AkShare_Candidate_v0274.csv,101,vdf_symbol_hint,时间,证券代码,vdf_source_function,VDF_Global_Commodity|stock_hk_hot_rank_detail_em::STEEL::证券代码|2026-05-22|stock_hk_hot_rank_detail_em,True,,d24b4d4daf275bf7,FILELIST_CANONICALIZER_NO_DB_WRITE,PRESERVED_VALID_ROW_NO_MUTATION,preserved_valid,preserved_valid_authoritative,keep,,,,101,100,False,1,keep_authoritative_first_per_canonical_key,REVIEW_ONLY_NO_DB_WRITE_NO_CANONICAL_MERGE,v027842_unique_final
VDF_Global_Commodity,stock_hk_hot_rank_detail_em::STEEL::证券代码,STEEL,2026-05-23,700.0,stock_hk_hot_rank_detail_em,C:\Users\tonyk\Downloads\VeritasIntelligenceAnalytics\dict\VDF\_active\VDF_AKSHARE_SMALL_SCOPE_CANDIDATE_SEED_STAGING_v0274_20260610_145643\staging\VDF_Global_Commodity_AkShare_Candidate_v0274.csv,VDF_Global_Commodity_AkShare_Candidate_v0274.csv,102,vdf_symbol_hint,时间,证券代码,vdf_source_function,VDF_Global_Commodity|stock_hk_hot_rank_detail_em::STEEL::证券代码|2026-05-23|stock_hk_hot_rank_detail_em,True,,91627fd07e380239,FILELIST_CANONICALIZER_NO_DB_WRITE,PRESERVED_VALID_ROW_NO_MUTATION,preserved_valid,preserved_valid_authoritative,keep,,,,102,100,False,1,keep_authoritative_first_per_canonical_key,REVIEW_ONLY_NO_DB_WRITE_NO_CANONICAL_MERGE,v027842_unique_final
VDF_Global_Commodity,stock_hk_hot_rank_detail_em::STEEL::证券代码,STEEL,2026-05-24,700.0,stock_hk_hot_rank_detail_em,C:\Users\tonyk\Downloads\VeritasIntelligenceAnalytics\dict\VDF\_active\VDF_AKSHARE_SMALL_SCOPE_CANDIDATE_SEED_STAGING_v0274_20260610_145643\staging\VDF_Global_Commodity_AkShare_Candidate_v0274.csv,VDF_Global_Commodity_AkShare_Candidate_v0274.csv,103,vdf_symbol_hint,时间,证券代码,vdf_source_function,VDF_Global_Commodity|stock_hk_hot_rank_detail_em::STEEL::证券代码|2026-05-24|stock_hk_hot_rank_detail_em,True,,30e0db0bd51b7ab2,FILELIST_CANONICALIZER_NO_DB_WRITE,PRESERVED_VALID_ROW_NO_MUTATION,preserved_valid,preserved_valid_authoritative,keep,,,,103,100,False,1,keep_authoritative_first_per_canonical_key,REVIEW_ONLY_NO_DB_WRITE_NO_CANONICAL_MERGE,v027842_unique_final
VDF_Global_Commodity,stock_hk_hot_rank_detail_em::STEEL::证券代码,STEEL,2026-05-25,700.0,stock_hk_hot_rank_detail_em,C:\Users\tonyk\Downloads\VeritasIntelligenceAnalytics\dict\VDF\_active\VDF_AKSHARE_SMALL_SCOPE_CANDIDATE_SEED_STAGING_v0274_20260610_145643\staging\VDF_Global_Commodity_AkShare_Candidate_v0274.csv,VDF_Global_Commodity_AkShare_Candidate_v0274.csv,104,vdf_symbol_hint,时间,证券代码,vdf_source_function,VDF_Global_Commodity|stock_hk_hot_rank_detail_em::STEEL::证券代码|2026-05-25|stock_hk_hot_rank_detail_em,True,,9fe23c3ca529a2c5,FILELIST_CANONICALIZER_NO_DB_WRITE,PRESERVED_VALID_ROW_NO_MUTATION,preserved_valid,preserved_valid_authoritative,keep,,,,104,100,False,1,keep_authoritative_first_per_canonical_key,REVIEW_ONLY_NO_DB_WRITE_NO_CANONICAL_MERGE,v027842_unique_final
VDF_Global_Commodity,stock_hk_hot_rank_detail_em::STEEL::证券代码,STEEL,2026-05-26,700.0,stock_hk_hot_rank_detail_em,C:\Users\tonyk\Downloads\VeritasIntelligenceAnalytics\dict\VDF\_active\VDF_AKSHARE_SMALL_SCOPE_CANDIDATE_SEED_STAGING_v0274_20260610_145643\staging\VDF_Global_Commodity_AkShare_Candidate_v0274.csv,VDF_Global_Commodity_AkShare_Candidate_v0274.csv,105,vdf_symbol_hint,时间,证券代码,vdf_source_function,VDF_Global_Commodity|stock_hk_hot_rank_detail_em::STEEL::证券代码|2026-05-26|stock_hk_hot_rank_detail_em,True,,7eb28d226d6b7dbd,FILELIST_CANONICALIZER_NO_DB_WRITE,PRESERVED_VALID_ROW_NO_MUTATION,preserved_valid,preserved_valid_authoritative,keep,,,,105,100,False,1,keep_authoritative_first_per_canonical_key,REVIEW_ONLY_NO_DB_WRITE_NO_CANONICAL_MERGE,v027842_unique_final
VDF_Global_Commodity,stock_hk_hot_rank_detail_em::STEEL::证券代码,STEEL,2026-05-27,700.0,stock_hk_hot_rank_detail_em,C:\Users\tonyk\Downloads\VeritasIntelligenceAnalytics\dict\VDF\_active\VDF_AKSHARE_SMALL_SCOPE_CANDIDATE_SEED_STAGING_v0274_20260610_145643\staging\VDF_Global_Commodity_AkShare_Candidate_v0274.csv,VDF_Global_Commodity_AkShare_Candidate_v0274.csv,106,vdf_symbol_hint,时间,证券代码,vdf_source_function,VDF_Global_Commodity|stock_hk_hot_rank_detail_em::STEEL::证券代码|2026-05-27|stock_hk_hot_rank_detail_em,True,,630315aabfcd9233,FILELIST_CANONICALIZER_NO_DB_WRITE,PRESERVED_VALID_ROW_NO_MUTATION,preserved_valid,preserved_valid_authoritative,keep,,,,106,100,False,1,keep_authoritative_first_per_canonical_key,REVIEW_ONLY_NO_DB_WRITE_NO_CANONICAL_MERGE,v027842_unique_final
VDF_Global_Commodity,stock_hk_hot_rank_detail_em::STEEL::证券代码,STEEL,2026-05-28,700.0,stock_hk_hot_rank_detail_em,C:\Users\tonyk\Downloads\VeritasIntelligenceAnalytics\dict\VDF\_active\VDF_AKSHARE_SMALL_SCOPE_CANDIDATE_SEED_STAGING_v0274_20260610_145643\staging\VDF_Global_Commodity_AkShare_Candidate_v0274.csv,VDF_Global_Commodity_AkShare_Candidate_v0274.csv,107,vdf_symbol_hint,时间,证券代码,vdf_source_function,VDF_Global_Commodity|stock_hk_hot_rank_detail_em::STEEL::证券代码|2026-05-28|stock_hk_hot_rank_detail_em,True,,463f2abfa97a1c7b,FILELIST_CANONICALIZER_NO_DB_WRITE,PRESERVED_VALID_ROW_NO_MUTATION,preserved_valid,preserved_valid_authoritative,keep,,,,107,100,False,1,keep_authoritative_first_per_canonical_key,REVIEW_ONLY_NO_DB_WRITE_NO_CANONICAL_MERGE,v027842_unique_final
VDF_Global_Commodity,stock_hk_hot_rank_detail_em::STEEL::证券代码,STEEL,2026-05-29,700.0,stock_hk_hot_rank_detail_em,C:\Users\tonyk\Downloads\VeritasIntelligenceAnalytics\dict\VDF\_active\VDF_AKSHARE_SMALL_SCOPE_CANDIDATE_SEED_STAGING_v0274_20260610_145643\staging\VDF_Global_Commodity_AkShare_Candidate_v0274.csv,VDF_Global_Commodity_AkShare_Candidate_v0274.csv,108,vdf_symbol_hint,时间,证券代码,vdf_source_function,VDF_Global_Commodity|stock_hk_hot_rank_detail_em::STEEL::证券代码|2026-05-29|stock_hk_hot_rank_detail_em,True,,1f318aa455cad844,FILELIST_CANONICALIZER_NO_DB_WRITE,PRESERVED_VALID_ROW_NO_MUTATION,preserved_valid,preserved_valid_authoritative,keep,,,,108,100,False,1,keep_authoritative_first_per_canonical_key,REVIEW_ONLY_NO_DB_WRITE_NO_CANONICAL_MERGE,v027842_unique_final
VDF_Global_Commodity,stock_hk_hot_rank_detail_em::STEEL::证券代码,STEEL,2026-05-30,700.0,stock_hk_hot_rank_detail_em,C:\Users\tonyk\Downloads\VeritasIntelligenceAnalytics\dict\VDF\_active\VDF_AKSHARE_SMALL_SCOPE_CANDIDATE_SEED_STAGING_v0274_20260610_145643\staging\VDF_Global_Commodity_AkShare_Candidate_v0274.csv,VDF_Global_Commodity_AkShare_Candidate_v0274.csv,109,vdf_symbol_hint,时间,证券代码,vdf_source_function,VDF_Global_Commodity|stock_hk_hot_rank_detail_em::STEEL::证券代码|2026-05-30|stock_hk_hot_rank_detail_em,True,,8b407afa43dafd89,FILELIST_CANONICALIZER_NO_DB_WRITE,PRESERVED_VALID_ROW_NO_MUTATION,preserved_valid,preserved_valid_authoritative,keep,,,,109,100,False,1,keep_authoritative_first_per_canonical_key,REVIEW_ONLY_NO_DB_WRITE_NO_CANONICAL_MERGE,v027842_unique_final
VDF_Global_Commodity,stock_hk_hot_rank_detail_em::STEEL::证券代码,STEEL,2026-05-31,700.0,stock_hk_hot_rank_detail_em,C:\Users\tonyk\Downloads\VeritasIntelligenceAnalytics\dict\VDF\_active\VDF_AKSHARE_SMALL_SCOPE_CANDIDATE_SEED_STAGING_v0274_20260610_145643\staging\VDF_Global_Commodity_AkShare_Candidate_v0274.csv,VDF_Global_Commodity_AkShare_Candidate_v0274.csv,110,vdf_symbol_hint,时间,证券代码,vdf_source_function,VDF_Global_Commodity|stock_hk_hot_rank_detail_em::STEEL::证券代码|2026-05-31|stock_hk_hot_rank_detail_em,True,,112e0302acba8333,FILELIST_CANONICALIZER_NO_DB_WRITE,PRESERVED_VALID_ROW_NO_MUTATION,preserved_valid,preserved_valid_authoritative,keep,,,,110,100,False,1,keep_authoritative_first_per_canonical_key,REVIEW_ONLY_NO_DB_WRITE_NO_CANONICAL_MERGE,v027842_unique_final
VDF_Global_Commodity,stock_hk_hot_rank_detail_em::STEEL::证券代码,STEEL,2026-06-01,700.0,stock_hk_hot_rank_detail_em,C:\Users\tonyk\Downloads\VeritasIntelligenceAnalytics\dict\VDF\_active\VDF_AKSHARE_SMALL_SCOPE_CANDIDATE_SEED_STAGING_v0274_20260610_145643\staging\VDF_Global_Commodity_AkShare_Candidate_v0274.csv,VDF_Global_Commodity_AkShare_Candidate_v0274.csv,111,vdf_symbol_hint,时间,证券代码,vdf_source_function,VDF_Global_Commodity|stock_hk_hot_rank_detail_em::STEEL::证券代码|2026-06-01|stock_hk_hot_rank_detail_em,True,,58f8853a6e91f9dc,FILELIST_CANONICALIZER_NO_DB_WRITE,PRESERVED_VALID_ROW_NO_MUTATION,preserved_valid,preserved_valid_authoritative,keep,,,,111,100,False,1,keep_authoritative_first_per_canonical_key,REVIEW_ONLY_NO_DB_WRITE_NO_CANONICAL_MERGE,v027842_unique_final
VDF_Global_Commodity,stock_hk_hot_rank_detail_em::STEEL::证券代码,STEEL,2026-06-02,700.0,stock_hk_hot_rank_detail_em,C:\Users\tonyk\Downloads\VeritasIntelligenceAnalytics\dict\VDF\_active\VDF_AKSHARE_SMALL_SCOPE_CANDIDATE_SEED_STAGING_v0274_20260610_145643\staging\VDF_Global_Commodity_AkShare_Candidate_v0274.csv,VDF_Global_Commodity_AkShare_Candidate_v0274.csv,112,vdf_symbol_hint,时间,证券代码,vdf_source_function,VDF_Global_Commodity|stock_hk_hot_rank_detail_em::STEEL::证券代码|2026-06-02|stock_hk_hot_rank_detail_em,True,,8bbd420e79bd3111,FILELIST_CANONICALIZER_NO_DB_WRITE,PRESERVED_VALID_ROW_NO_MUTATION,preserved_valid,preserved_valid_authoritative,keep,,,,112,100,False,1,keep_authoritative_first_per_canonical_key,REVIEW_ONLY_NO_DB_WRITE_NO_CANONICAL_MERGE,v027842_unique_final
VDF_Global_Commodity,stock_hk_hot_rank_detail_em::STEEL::证券代码,STEEL,2026-06-03,700.0,stock_hk_hot_rank_detail_em,C:\Users\tonyk\Downloads\VeritasIntelligenceAnalytics\dict\VDF\_active\VDF_AKSHARE_SMALL_SCOPE_CANDIDATE_SEED_STAGING_v0274_20260610_145643\staging\VDF_Global_Commodity_AkShare_Candidate_v0274.csv,VDF_Global_Commodity_AkShare_Candidate_v0274.csv,113,vdf_symbol_hint,时间,证券代码,vdf_source_function,VDF_Global_Commodity|stock_hk_hot_rank_detail_em::STEEL::证券代码|2026-06-03|stock_hk_hot_rank_detail_em,True,,0de417be59733019,FILELIST_CANONICALIZER_NO_DB_WRITE,PRESERVED_VALID_ROW_NO_MUTATION,preserved_valid,preserved_valid_authoritative,keep,,,,113,100,False,1,keep_authoritative_first_per_canonical_key,REVIEW_ONLY_NO_DB_WRITE_NO_CANONICAL_MERGE,v027842_unique_final
VDF_Global_Commodity,stock_hk_hot_rank_detail_em::STEEL::证券代码,STEEL,2026-06-04,700.0,stock_hk_hot_rank_detail_em,C:\Users\tonyk\Downloads\VeritasIntelligenceAnalytics\dict\VDF\_active\VDF_AKSHARE_SMALL_SCOPE_CANDIDATE_SEED_STAGING_v0274_20260610_145643\staging\VDF_Global_Commodity_AkShare_Candidate_v0274.csv,VDF_Global_Commodity_AkShare_Candidate_v0274.csv,114,vdf_symbol_hint,时间,证券代码,vdf_source_function,VDF_Global_Commodity|stock_hk_hot_rank_detail_em::STEEL::证券代码|2026-06-04|stock_hk_hot_rank_detail_em,True,,a359b9a0fe979b22,FILELIST_CANONICALIZER_NO_DB_WRITE,PRESERVED_VALID_ROW_NO_MUTATION,preserved_valid,preserved_valid_authoritative,keep,,,,114,100,False,1,keep_authoritative_first_per_canonical_key,REVIEW_ONLY_NO_DB_WRITE_NO_CANONICAL_MERGE,v027842_unique_final
VDF_Global_Commodity,stock_hk_hot_rank_detail_em::STEEL::证券代码,STEEL,2026-06-05,700.0,stock_hk_hot_rank_detail_em,C:\Users\tonyk\Downloads\VeritasIntelligenceAnalytics\dict\VDF\_active\VDF_AKSHARE_SMALL_SCOPE_CANDIDATE_SEED_STAGING_v0274_20260610_145643\staging\VDF_Global_Commodity_AkShare_Candidate_v0274.csv,VDF_Global_Commodity_AkShare_Candidate_v0274.csv,115,vdf_symbol_hint,时间,证券代码,vdf_source_function,VDF_Global_Commodity|stock_hk_hot_rank_detail_em::STEEL::证券代码|2026-06-05|stock_hk_hot_rank_detail_em,True,,4b89e074c4276ad7,FILELIST_CANONICALIZER_NO_DB_WRITE,PRESERVED_VALID_ROW_NO_MUTATION,preserved_valid,preserved_valid_authoritative,keep,,,,115,100,False,1,keep_authoritative_first_per_canonical_key,REVIEW_ONLY_NO_DB_WRITE_NO_CANONICAL_MERGE,v027842_unique_final
VDF_Global_Commodity,stock_hk_hot_rank_detail_em::STEEL::证券代码,STEEL,2026-06-06,700.0,stock_hk_hot_rank_detail_em,C:\Users\tonyk\Downloads\VeritasIntelligenceAnalytics\dict\VDF\_active\VDF_AKSHARE_SMALL_SCOPE_CANDIDATE_SEED_STAGING_v0274_20260610_145643\staging\VDF_Global_Commodity_AkShare_Candidate_v0274.csv,VDF_Global_Commodity_AkShare_Candidate_v0274.csv,116,vdf_symbol_hint,时间,证券代码,vdf_source_function,VDF_Global_Commodity|stock_hk_hot_rank_detail_em::STEEL::证券代码|2026-06-06|stock_hk_hot_rank_detail_em,True,,fcc124ebffb1e569,FILELIST_CANONICALIZER_NO_DB_WRITE,PRESERVED_VALID_ROW_NO_MUTATION,preserved_valid,preserved_valid_authoritative,keep,,,,116,100,False,1,keep_authoritative_first_per_canonical_key,REVIEW_ONLY_NO_DB_WRITE_NO_CANONICAL_MERGE,v027842_unique_final
VDF_Global_Commodity,stock_hk_hot_rank_detail_em::STEEL::证券代码,STEEL,2026-06-07,700.0,stock_hk_hot_rank_detail_em,C:\Users\tonyk\Downloads\VeritasIntelligenceAnalytics\dict\VDF\_active\VDF_AKSHARE_SMALL_SCOPE_CANDIDATE_SEED_STAGING_v0274_20260610_145643\staging\VDF_Global_Commodity_AkShare_Candidate_v0274.csv,VDF_Global_Commodity_AkShare_Candidate_v0274.csv,117,vdf_symbol_hint,时间,证券代码,vdf_source_function,VDF_Global_Commodity|stock_hk_hot_rank_detail_em::STEEL::证券代码|2026-06-07|stock_hk_hot_rank_detail_em,True,,91afb2113ed59a26,FILELIST_CANONICALIZER_NO_DB_WRITE,PRESERVED_VALID_ROW_NO_MUTATION,preserved_valid,preserved_valid_authoritative,keep,,,,117,100,False,1,keep_authoritative_first_per_canonical_key,REVIEW_ONLY_NO_DB_WRITE_NO_CANONICAL_MERGE,v027842_unique_final
VDF_Global_Commodity,stock_hk_hot_rank_detail_em::STEEL::证券代码,STEEL,2026-06-08,700.0,stock_hk_hot_rank_detail_em,C:\Users\tonyk\Downloads\VeritasIntelligenceAnalytics\dict\VDF\_active\VDF_AKSHARE_SMALL_SCOPE_CANDIDATE_SEED_STAGING_v0274_20260610_145643\staging\VDF_Global_Commodity_AkShare_Candidate_v0274.csv,VDF_Global_Commodity_AkShare_Candidate_v0274.csv,118,vdf_symbol_hint,时间,证券代码,vdf_source_function,VDF_Global_Commodity|stock_hk_hot_rank_detail_em::STEEL::证券代码|2026-06-08|stock_hk_hot_rank_detail_em,True,,40001916bce714db,FILELIST_CANONICALIZER_NO_DB_WRITE,PRESERVED_VALID_ROW_NO_MUTATION,preserved_valid,preserved_valid_authoritative,keep,,,,118,100,False,1,keep_authoritative_first_per_canonical_key,REVIEW_ONLY_NO_DB_WRITE_NO_CANONICAL_MERGE,v027842_unique_final
VDF_Global_Commodity,stock_hk_hot_rank_detail_em::STEEL::证券代码,STEEL,2026-06-09,700.0,stock_hk_hot_rank_detail_em,C:\Users\tonyk\Downloads\VeritasIntelligenceAnalytics\dict\VDF\_active\VDF_AKSHARE_SMALL_SCOPE_CANDIDATE_SEED_STAGING_v0274_20260610_145643\staging\VDF_Global_Commodity_AkShare_Candidate_v0274.csv,VDF_Global_Commodity_AkShare_Candidate_v0274.csv,119,vdf_symbol_hint,时间,证券代码,vdf_source_function,VDF_Global_Commodity|stock_hk_hot_rank_detail_em::STEEL::证券代码|2026-06-09|stock_hk_hot_rank_detail_em,True,,1310d74081fe8012,FILELIST_CANONICALIZER_NO_DB_WRITE,PRESERVED_VALID_ROW_NO_MUTATION,preserved_valid,preserved_valid_authoritative,keep,,,,119,100,False,1,keep_authoritative_first_per_canonical_key,REVIEW_ONLY_NO_DB_WRITE_NO_CANONICAL_MERGE,v027842_unique_final
VDF_Global_Commodity,stock_hk_hot_rank_detail_em::STEEL::证券代码,STEEL,2026-06-10,700.0,stock_hk_hot_rank_detail_em,C:\Users\tonyk\Downloads\VeritasIntelligenceAnalytics\dict\VDF\_active\VDF_AKSHARE_SMALL_SCOPE_CANDIDATE_SEED_STAGING_v0274_20260610_145643\staging\VDF_Global_Commodity_AkShare_Candidate_v0274.csv,VDF_Global_Commodity_AkShare_Candidate_v0274.csv,120,vdf_symbol_hint,时间,证券代码,vdf_source_function,VDF_Global_Commodity|stock_hk_hot_rank_detail_em::STEEL::证券代码|2026-06-10|stock_hk_hot_rank_detail_em,True,,5596fcde98fcf37f,FILELIST_CANONICALIZER_NO_DB_WRITE,PRESERVED_VALID_ROW_NO_MUTATION,preserved_valid,preserved_valid_authoritative,keep,,,,120,100,False,1,keep_authoritative_first_per_canonical_key,REVIEW_ONLY_NO_DB_WRITE_NO_CANONICAL_MERGE,v027842_unique_final
